0,1,2,3,4,5,6,7,8,9,10,11
3.7683470670178347,1.250685435279504,4.761904762,0.0,2.159465519981342,0.0,2.159465519981342,0.0,0.0,2.0,0.0,1.250685435279504
3.640561231664967,4.027580994806352,4.761904762,0.0,0.0,2.104665954868759,0.0,2.104665954868759,0.0,2.0,0.0,4.027580994806352
1.9911703299760195,0.6608541322157112,4.761904762,2.104665954868759,0.0,0.0,0.0,0.0,2.104665954868759,0.0,2.0,0.6608541322157112
3.4826408261841104,0.38528724311171414,4.761904762,2.104665954868759,0.0,0.0,0.0,0.0,2.104665954868759,0.0,2.0,0.38528724311171414
2.3169288475621346,1.7942653891154283,4.761904762,0.0,0.0,2.104665954868759,0.0,2.104665954868759,0.0,0.0,2.0,1.7942653891154283
2.5423659481398793,2.531375167366503,4.761904762,0.0,0.0,2.104665954868759,0.0,2.104665954868759,0.0,2.0,0.0,2.531375167366503
3.708077926761855,4.102275235803913,4.761904762,0.0,0.0,2.104665954868759,0.0,2.104665954868759,0.0,2.0,0.0,4.102275235803913
3.45975381089703,2.2965314096538316,4.761904762,0.0,2.159465519981342,0.0,2.159465519981342,0.0,0.0,2.0,0.0,2.2965314096538316
3.6680256500094637,1.6231860371357032,4.761904762,0.0,2.159465519981342,0.0,2.159465519981342,0.0,0.0,0.0,2.0,1.6231860371357032
1.9812526233516177,0.6575625215954797,4.761904762,2.104665954868759,0.0,0.0,0.0,0.0,2.104665954868759,0.0,2.0,0.6575625215954797
0.8025713360669625,0.35515634589574874,4.761904762,0.0,0.0,2.104665954868759,0.0,2.104665954868759,0.0,2.0,0.0,0.35515634589574874
2.1551939395334307,0.23843076928600054,4.761904762,0.0,0.0,2.104665954868759,0.0,2.104665954868759,0.0,0.0,2.0,0.23843076928600054
0.951336935432987,0.9472242561758527,4.761904762,2.104665954868759,0.0,0.0,0.0,0.0,2.104665954868759,0.0,2.0,0.9472242561758527
2.7529264887810214,0.3045583826437284,4.761904762,0.0,2.159465519981342,0.0,2.159465519981342,0.0,0.0,0.0,2.0,0.3045583826437284
2.489344362724809,2.2031847084749585,4.761904762,0.0,0.0,2.104665954868759,0.0,2.104665954868759,0.0,0.0,2.0,2.2031847084749585
3.195408784331248,2.121063243513798,4.761904762,0.0,0.0,2.104665954868759,0.0,2.104665954868759,0.0,2.0,0.0,2.121063243513798
2.799081969609967,2.167652193830921,4.761904762,0.0,0.0,2.104665954868759,0.0,2.104665954868759,0.0,2.0,0.0,2.167652193830921
0.8231696498253351,0.09106789382640515,4.761904762,0.0,0.0,2.104665954868759,0.0,2.104665954868759,0.0,0.0,2.0,0.09106789382640515
2.7342354262965722,0.9074717279161337,4.761904762,2.104665954868759,0.0,0.0,0.0,0.0,2.104665954868759,2.0,0.0,0.9074717279161337
0.8216438488061965,0.8180918395360011,4.761904762,2.104665954868759,0.0,0.0,0.0,0.0,2.104665954868759,2.0,0.0,0.8180918395360011
0.9467595323755709,0.7331851655884908,4.761904762,2.104665954868759,0.0,0.0,0.0,0.0,2.104665954868759,0.0,2.0,0.7331851655884908
3.611189562046547,1.5980347559862422,4.761904762,2.104665954868759,0.0,0.0,0.0,0.0,2.104665954868759,2.0,0.0,1.5980347559862422
1.1496910679210197,1.2719121037663816,4.761904762,2.104665954868759,0.0,0.0,0.0,0.0,2.104665954868759,2.0,0.0,1.2719121037663816
3.7801720249161592,2.5092200958841753,4.761904762,2.104665954868759,0.0,0.0,0.0,0.0,2.104665954868759,2.0,0.0,2.5092200958841753
0.48673052510524917,0.10769474747218998,4.761904762,2.104665954868759,0.0,0.0,0.0,0.0,2.104665954868759,0.0,2.0,0.10769474747218998
2.7868755614568577,2.1581993633317946,4.761904762,0.0,2.159465519981342,0.0,2.159465519981342,0.0,0.0,0.0,2.0,2.1581993633317946
0.8800057377882522,0.8762014270239343,4.761904762,0.0,0.0,2.104665954868759,0.0,2.104665954868759,0.0,2.0,0.0,0.8762014270239343
2.2730620682618965,1.0058824454338244,4.761904762,0.0,0.0,2.104665954868759,0.0,2.104665954868759,0.0,0.0,2.0,1.0058824454338244
0.6950023642176834,0.5382205365440089,4.761904762,0.0,2.159465519981342,0.0,2.159465519981342,0.0,0.0,0.0,2.0,0.5382205365440089
2.0514394702319985,0.22695233225134706,4.761904762,0.0,2.159465519981342,0.0,2.159465519981342,0.0,0.0,0.0,2.0,0.22695233225134706
2.033129858002334,0.6747801771474599,4.761904762,2.104665954868759,0.0,0.0,0.0,0.0,2.104665954868759,0.0,2.0,0.6747801771474599
2.625903553937724,1.743034423821056,4.761904762,2.104665954868759,0.0,0.0,0.0,0.0,2.104665954868759,2.0,0.0,1.743034423821056
1.99040742946645,1.5414021732637975,4.761904762,0.0,2.159465519981342,0.0,2.159465519981342,0.0,0.0,2.0,0.0,1.5414021732637975
1.220259365056185,1.3499823556564878,4.761904762,0.0,2.159465519981342,0.0,2.159465519981342,0.0,0.0,0.0,2.0,1.3499823556564878
1.3869531263970893,0.30687939013235327,4.761904762,2.104665954868759,0.0,0.0,0.0,0.0,2.104665954868759,2.0,0.0,0.30687939013235327
3.5738074370776483,2.767611529572349,4.761904762,2.104665954868759,0.0,0.0,0.0,0.0,2.104665954868759,2.0,0.0,2.767611529572349
0.6164236117320397,0.13639084005882368,4.761904762,0.0,2.159465519981342,0.0,2.159465519981342,0.0,0.0,0.0,2.0,0.13639084005882368
2.1624414943743395,2.1530931468568197,4.761904762,0.0,2.159465519981342,0.0,2.159465519981342,0.0,0.0,0.0,2.0,2.1530931468568197
2.6461204174413115,2.6346811006783843,4.761904762,0.0,2.159465519981342,0.0,2.159465519981342,0.0,0.0,0.0,2.0,2.6346811006783843
2.2890829789628526,1.0129720683081693,4.761904762,2.104665954868759,0.0,0.0,0.0,0.0,2.104665954868759,0.0,2.0,1.0129720683081693
1.1489281674114502,1.0168544808345963,4.761904762,0.0,2.159465519981342,0.0,2.159465519981342,0.0,0.0,0.0,2.0,1.0168544808345963
2.7800094568707334,0.6151091846217246,4.761904762,0.0,0.0,2.104665954868759,0.0,2.104665954868759,0.0,0.0,2.0,0.6151091846217246
0.8456752148576313,0.7484616148772576,4.761904762,2.104665954868759,0.0,0.0,0.0,0.0,2.104665954868759,0.0,2.0,0.7484616148772576
0.8903048946674386,0.3939804711600179,4.761904762,0.0,2.159465519981342,0.0,2.159465519981342,0.0,0.0,0.0,2.0,0.3939804711600179
1.2301770716805867,0.5443817564229039,4.761904762,2.104665954868759,0.0,0.0,0.0,0.0,2.104665954868759,0.0,2.0,0.5443817564229039
2.4443332326602167,1.8929293074500602,4.761904762,0.0,0.0,2.104665954868759,0.0,2.104665954868759,0.0,0.0,2.0,1.8929293074500602
0.9448522811016475,0.5226486863021444,4.761904762,0.0,2.159465519981342,0.0,2.159465519981342,0.0,0.0,2.0,0.0,0.5226486863021444
3.4132168798132994,1.8880340916558698,4.761904762,2.104665954868759,0.0,0.0,0.0,0.0,2.104665954868759,2.0,0.0,1.8880340916558698
3.140861397897039,3.4747592111520857,4.761904762,0.0,0.0,2.104665954868759,0.0,2.104665954868759,0.0,0.0,2.0,3.4747592111520857
1.2831986570956568,1.135690064252185,4.761904762,0.0,0.0,2.104665954868759,0.0,2.104665954868759,0.0,0.0,2.0,1.135690064252185
0.9086145068971031,0.5026036216276577,4.761904762,0.0,0.0,2.104665954868759,0.0,2.104665954868759,0.0,2.0,0.0,0.5026036216276577
3.648190236760661,1.614408408815086,4.761904762,0.0,2.159465519981342,0.0,2.159465519981342,0.0,0.0,2.0,0.0,1.614408408815086
1.3869531263970893,0.6137587802647065,4.761904762,2.104665954868759,0.0,0.0,0.0,0.0,2.104665954868759,0.0,2.0,0.6137587802647065
0.985667458363608,0.32713545548762407,4.761904762,2.104665954868759,0.0,0.0,0.0,0.0,2.104665954868759,0.0,2.0,0.32713545548762407
3.369731550767846,2.60957201966508,4.761904762,2.104665954868759,0.0,0.0,0.0,0.0,2.104665954868759,2.0,0.0,2.60957201966508
3.349133237009473,3.334654759111462,4.761904762,0.0,0.0,2.104665954868759,0.0,2.104665954868759,0.0,2.0,0.0,3.334654759111462
3.377742006118324,2.989457645348722,4.761904762,0.0,0.0,2.104665954868759,0.0,2.104665954868759,0.0,2.0,0.0,2.989457645348722
3.5810549919185575,2.773224147681205,4.761904762,2.104665954868759,0.0,0.0,0.0,0.0,2.104665954868759,2.0,0.0,2.773224147681205
1.4655318788827332,0.16213292311448035,4.761904762,0.0,0.0,2.104665954868759,0.0,2.104665954868759,0.0,2.0,0.0,0.16213292311448035
1.6181119807966042,1.4321038206176484,4.761904762,0.0,2.159465519981342,0.0,2.159465519981342,0.0,0.0,2.0,0.0,1.4321038206176484
2.7624627451506383,0.9168401581429464,4.761904762,2.104665954868759,0.0,0.0,0.0,0.0,2.104665954868759,2.0,0.0,0.9168401581429464
2.131162573481996,2.357721607081212,4.761904762,0.0,0.0,2.104665954868759,0.0,2.104665954868759,0.0,0.0,2.0,2.357721607081212
3.8034404904580246,2.5246653457175694,4.761904762,0.0,2.159465519981342,0.0,2.159465519981342,0.0,0.0,2.0,0.0,2.5246653457175694
2.2955676332941923,1.0158416775668326,4.761904762,0.0,2.159465519981342,0.0,2.159465519981342,0.0,0.0,0.0,2.0,1.0158416775668326
1.2301770716805867,0.6804771955286298,4.761904762,2.104665954868759,0.0,0.0,0.0,0.0,2.104665954868759,2.0,0.0,0.6804771955286298
1.3110445256949383,1.4504186797097056,4.761904762,0.0,2.159465519981342,0.0,2.159465519981342,0.0,0.0,0.0,2.0,1.4504186797097056
2.1258222699150107,1.411088152811555,4.761904762,0.0,0.0,2.104665954868759,0.0,2.104665954868759,0.0,0.0,2.0,1.411088152811555
2.8566809580824537,1.2641472787135277,4.761904762,0.0,0.0,2.104665954868759,0.0,2.104665954868759,0.0,2.0,0.0,1.2641472787135277
0.591247894916251,0.6541021104306209,4.761904762,2.104665954868759,0.0,0.0,0.0,0.0,2.104665954868759,0.0,2.0,0.6541021104306209
3.5127753963121,1.1658631616043074,4.761904762,2.104665954868759,0.0,0.0,0.0,0.0,2.104665954868759,2.0,0.0,1.1658631616043074
1.2965494160131208,0.8606295767820697,4.761904762,2.104665954868759,0.0,0.0,0.0,0.0,2.104665954868759,0.0,2.0,0.8606295767820697
2.5435102989042333,1.4069525394681872,4.761904762,0.0,2.159465519981342,0.0,2.159465519981342,0.0,0.0,0.0,2.0,1.4069525394681872
1.8031153543671732,1.1968802616795657,4.761904762,0.0,0.0,2.104665954868759,0.0,2.104665954868759,0.0,2.0,0.0,1.1968802616795657
0.7773956192511738,0.4300193874379372,4.761904762,0.0,0.0,2.104665954868759,0.0,2.104665954868759,0.0,2.0,0.0,0.4300193874379372
2.1212448668575945,1.6427247001763083,4.761904762,0.0,0.0,2.104665954868759,0.0,2.104665954868759,0.0,0.0,2.0,1.6427247001763083
2.566015863936529,1.4194015796344472,4.761904762,0.0,2.159465519981342,0.0,2.159465519981342,0.0,0.0,0.0,2.0,1.4194015796344472
1.1676192298958994,0.7750477006560506,4.761904762,0.0,0.0,2.104665954868759,0.0,2.104665954868759,0.0,0.0,2.0,0.7750477006560506
3.3704944512774153,1.8644020154080536,4.761904762,0.0,2.159465519981342,0.0,2.159465519981342,0.0,0.0,2.0,0.0,1.8644020154080536
1.0489882006578646,0.34815112329371756,4.761904762,0.0,2.159465519981342,0.0,2.159465519981342,0.0,0.0,0.0,2.0,0.34815112329371756
1.819899165577699,1.2080210976249648,4.761904762,0.0,0.0,2.104665954868759,0.0,2.104665954868759,0.0,2.0,0.0,1.2080210976249648
1.7386502613085624,1.3464375442193155,4.761904762,2.104665954868759,0.0,0.0,0.0,0.0,2.104665954868759,0.0,2.0,1.3464375442193155
1.5025325535968468,0.8311316816084567,4.761904762,0.0,0.0,2.104665954868759,0.0,2.104665954868759,0.0,0.0,2.0,0.8311316816084567
1.5616573430884717,0.8638367871299877,4.761904762,2.104665954868759,0.0,0.0,0.0,0.0,2.104665954868759,2.0,0.0,0.8638367871299877
1.4804084388193355,0.6551149136983844,4.761904762,0.0,2.159465519981342,0.0,2.159465519981342,0.0,0.0,0.0,2.0,0.6551149136983844
0.7541271537093085,0.8342966918202177,4.761904762,0.0,2.159465519981342,0.0,2.159465519981342,0.0,0.0,2.0,0.0,0.8342966918202177
2.006046889912622,1.7754441283894893,4.761904762,2.104665954868759,0.0,0.0,0.0,0.0,2.104665954868759,2.0,0.0,1.7754441283894893
2.8528664555346075,1.578074091584069,4.761904762,0.0,0.0,2.104665954868759,0.0,2.104665954868759,0.0,0.0,2.0,1.578074091584069
2.6743477362953776,1.7751909275725484,4.761904762,0.0,0.0,2.104665954868759,0.0,2.104665954868759,0.0,2.0,0.0,1.7751909275725484
0.41806947924400717,0.4625134922786842,4.761904762,2.104665954868759,0.0,0.0,0.0,0.0,2.104665954868759,2.0,0.0,0.4625134922786842
2.8025150219030297,1.2401776013764574,4.761904762,2.104665954868759,0.0,0.0,0.0,0.0,2.104665954868759,2.0,0.0,1.2401776013764574
2.9013106378922613,0.9629227068261876,4.761904762,0.0,0.0,2.104665954868759,0.0,2.104665954868759,0.0,2.0,0.0,0.9629227068261876
0.6667750453636172,0.44259502801266787,4.761904762,0.0,2.159465519981342,0.0,2.159465519981342,0.0,0.0,2.0,0.0,0.44259502801266787
3.804203390967594,3.787757621027177,4.761904762,0.0,2.159465519981342,0.0,2.159465519981342,0.0,0.0,2.0,0.0,3.787757621027177
0.9631618933313121,0.53277671897978,4.761904762,0.0,0.0,2.104665954868759,0.0,2.104665954868759,0.0,0.0,2.0,0.53277671897978
0.690806411415052,0.764244465799906,4.761904762,0.0,2.159465519981342,0.0,2.159465519981342,0.0,0.0,0.0,2.0,0.764244465799906
3.6932013668252526,1.2257451548108267,4.761904762,0.0,0.0,2.104665954868759,0.0,2.104665954868759,0.0,0.0,2.0,1.2257451548108267
3.1500162040118713,3.484887243829721,4.761904762,0.0,2.159465519981342,0.0,2.159465519981342,0.0,0.0,0.0,2.0,3.484887243829721
2.0853885429078347,0.6921244331079105,4.761904762,2.104665954868759,0.0,0.0,0.0,0.0,2.104665954868759,0.0,2.0,0.6921244331079105
2.4191575158444283,2.1410661080521276,4.761904762,2.104665954868759,0.0,0.0,0.0,0.0,2.104665954868759,2.0,0.0,2.1410661080521276
0.7953237812260537,0.7038982710956617,4.761904762,0.0,0.0,2.104665954868759,0.0,2.104665954868759,0.0,0.0,2.0,0.7038982710956617
2.8025150219030297,3.100444003441143,4.761904762,2.104665954868759,0.0,0.0,0.0,0.0,2.104665954868759,2.0,0.0,3.100444003441143
2.956239474581255,1.6352552760765522,4.761904762,2.104665954868759,0.0,0.0,0.0,0.0,2.104665954868759,2.0,0.0,1.6352552760765522
0.7999011842834698,0.4424684276041974,4.761904762,2.104665954868759,0.0,0.0,0.0,0.0,2.104665954868759,0.0,2.0,0.4424684276041974
0.591247894916251,0.06541021104306209,4.761904762,2.104665954868759,0.0,0.0,0.0,0.0,2.104665954868759,2.0,0.0,0.06541021104306209
3.728294790265443,1.6498565231868099,4.761904762,0.0,2.159465519981342,0.0,2.159465519981342,0.0,0.0,0.0,2.0,1.6498565231868099
1.9652317126506613,1.7393208118392562,4.761904762,2.104665954868759,0.0,0.0,0.0,0.0,2.104665954868759,2.0,0.0,1.7393208118392562
2.7540708395453755,2.1327948813653923,4.761904762,2.104665954868759,0.0,0.0,0.0,0.0,2.104665954868759,0.0,2.0,2.1327948813653923
2.0716563337355867,2.062700455208924,4.761904762,0.0,2.159465519981342,0.0,2.159465519981342,0.0,0.0,2.0,0.0,2.062700455208924
1.1519797694497276,1.0195552895486324,4.761904762,0.0,0.0,2.104665954868759,0.0,2.104665954868759,0.0,2.0,0.0,1.0195552895486324
3.1957902345860325,2.8284219257743186,4.761904762,0.0,2.159465519981342,0.0,2.159465519981342,0.0,0.0,0.0,2.0,2.8284219257743186
0.8353760579784448,0.27725489455026964,4.761904762,0.0,2.159465519981342,0.0,2.159465519981342,0.0,0.0,2.0,0.0,0.27725489455026964
1.6402360955741155,0.7258423418972051,4.761904762,0.0,2.159465519981342,0.0,2.159465519981342,0.0,0.0,2.0,0.0,0.7258423418972051
3.310988211531005,1.0988915455234431,4.761904762,0.0,0.0,2.104665954868759,0.0,2.104665954868759,0.0,0.0,2.0,1.0988915455234431
2.5934802822810257,2.0084310801112606,4.761904762,0.0,0.0,2.104665954868759,0.0,2.104665954868759,0.0,2.0,0.0,2.0084310801112606
2.017490397556162,0.8927860805335622,4.761904762,0.0,2.159465519981342,0.0,2.159465519981342,0.0,0.0,0.0,2.0,0.8927860805335622
0.8132519432009336,0.089970690286328,4.761904762,2.104665954868759,0.0,0.0,0.0,0.0,2.104665954868759,0.0,2.0,0.089970690286328
3.103860723182925,0.6867650158159951,4.761904762,0.0,2.159465519981342,0.0,2.159465519981342,0.0,0.0,2.0,0.0,0.6867650158159951
0.5222053988002242,0.3466319183920723,4.761904762,0.0,2.159465519981342,0.0,2.159465519981342,0.0,0.0,0.0,2.0,0.3466319183920723
1.8500337357056884,0.6140119810816473,4.761904762,0.0,2.159465519981342,0.0,2.159465519981342,0.0,0.0,2.0,0.0,0.6140119810816473
2.839515696617143,3.1413781355132526,4.761904762,2.104665954868759,0.0,0.0,0.0,0.0,2.104665954868759,2.0,0.0,3.1413781355132526
2.222329184375534,1.4751479594975991,4.761904762,2.104665954868759,0.0,0.0,0.0,0.0,2.104665954868759,0.0,2.0,1.4751479594975991
1.4025925868432612,1.086189304540242,4.761904762,0.0,0.0,2.104665954868759,0.0,2.104665954868759,0.0,2.0,0.0,1.086189304540242
2.0491507687032904,0.22669913143440615,4.761904762,0.0,2.159465519981342,0.0,2.159465519981342,0.0,0.0,0.0,2.0,0.22669913143440615
3.5143011973312386,2.332739126476378,4.761904762,2.104665954868759,0.0,0.0,0.0,0.0,2.104665954868759,2.0,0.0,2.332739126476378
2.156338290297785,0.9542294787778838,4.761904762,2.104665954868759,0.0,0.0,0.0,0.0,2.104665954868759,2.0,0.0,0.9542294787778838
3.3685872000034918,0.37266940240082663,4.761904762,0.0,2.159465519981342,0.0,2.159465519981342,0.0,0.0,0.0,2.0,0.37266940240082663
1.7104229424544966,1.703028694744396,4.761904762,0.0,0.0,2.104665954868759,0.0,2.104665954868759,0.0,2.0,0.0,1.703028694744396
3.2755133378360304,2.536607984249948,4.761904762,0.0,0.0,2.104665954868759,0.0,2.104665954868759,0.0,2.0,0.0,2.536607984249948
2.4244978194114135,2.682240654127114,4.761904762,2.104665954868759,0.0,0.0,0.0,0.0,2.104665954868759,0.0,2.0,2.682240654127114
0.96545059486002,0.21361708922579375,4.761904762,0.0,2.159465519981342,0.0,2.159465519981342,0.0,0.0,0.0,2.0,0.21361708922579375
2.4637871956542354,1.090282717747453,4.761904762,2.104665954868759,0.0,0.0,0.0,0.0,2.104665954868759,0.0,2.0,1.090282717747453
1.268703547413839,0.7017882642878209,4.761904762,2.104665954868759,0.0,0.0,0.0,0.0,2.104665954868759,2.0,0.0,0.7017882642878209
1.0325858397021235,0.11423576857649617,4.761904762,0.0,2.159465519981342,0.0,2.159465519981342,0.0,0.0,2.0,0.0,0.11423576857649617
3.4868367789867416,1.9287572230471952,4.761904762,2.104665954868759,0.0,0.0,0.0,0.0,2.104665954868759,2.0,0.0,1.9287572230471952
2.429456672723614,0.26877266718274995,4.761904762,2.104665954868759,0.0,0.0,0.0,0.0,2.104665954868759,0.0,2.0,0.26877266718274995
2.9303008572558964,0.3241814459566471,4.761904762,2.104665954868759,0.0,0.0,0.0,0.0,2.104665954868759,0.0,2.0,0.3241814459566471
1.6474836504150243,1.8226238806128074,4.761904762,2.104665954868759,0.0,0.0,0.0,0.0,2.104665954868759,0.0,2.0,1.8226238806128074
3.0462617347104386,2.35907201143823,4.761904762,0.0,2.159465519981342,0.0,2.159465519981342,0.0,0.0,2.0,0.0,2.35907201143823
2.722791918653032,3.012245718873401,4.761904762,2.104665954868759,0.0,0.0,0.0,0.0,2.104665954868759,2.0,0.0,3.012245718873401
1.8729207509927692,0.41440533705991595,4.761904762,0.0,2.159465519981342,0.0,2.159465519981342,0.0,0.0,2.0,0.0,0.41440533705991595
2.2738249687714656,2.5155501163076974,4.761904762,0.0,0.0,2.104665954868759,0.0,2.104665954868759,0.0,0.0,2.0,2.5155501163076974
0.6286300198851494,0.4172749463185793,4.761904762,0.0,0.0,2.104665954868759,0.0,2.104665954868759,0.0,2.0,0.0,0.4172749463185793
1.3537669542308224,0.8986096993232027,4.761904762,0.0,0.0,2.104665954868759,0.0,2.104665954868759,0.0,2.0,0.0,0.8986096993232027
1.9801082725872636,2.1906090679002275,4.761904762,0.0,2.159465519981342,0.0,2.159465519981342,0.0,0.0,0.0,2.0,2.1906090679002275
1.2664148458851312,0.2802089040812466,4.761904762,0.0,2.159465519981342,0.0,2.159465519981342,0.0,0.0,0.0,2.0,0.2802089040812466
1.0299156879186306,1.0254633086105864,4.761904762,0.0,2.159465519981342,0.0,2.159465519981342,0.0,0.0,0.0,2.0,1.0254633086105864
0.7190337302691182,0.7954725665559487,4.761904762,2.104665954868759,0.0,0.0,0.0,0.0,2.104665954868759,0.0,2.0,0.7954725665559487
0.45888465650596766,0.10153352759329509,4.761904762,2.104665954868759,0.0,0.0,0.0,0.0,2.104665954868759,2.0,0.0,0.10153352759329509
3.8080178935154407,2.5277037555208604,4.761904762,2.104665954868759,0.0,0.0,0.0,0.0,2.104665954868759,0.0,2.0,2.5277037555208604
1.8187548148133448,0.40242049839138067,4.761904762,2.104665954868759,0.0,0.0,0.0,0.0,2.104665954868759,2.0,0.0,0.40242049839138067
1.7111858429640656,1.8930981079946874,4.761904762,0.0,0.0,2.104665954868759,0.0,2.104665954868759,0.0,2.0,0.0,1.8930981079946874
1.0146576777272436,0.6735141730627555,4.761904762,0.0,2.159465519981342,0.0,2.159465519981342,0.0,0.0,0.0,2.0,0.6735141730627555
3.610045211282193,1.1981462657642703,4.761904762,2.104665954868759,0.0,0.0,0.0,0.0,2.104665954868759,2.0,0.0,1.1981462657642703
1.0314414889377694,0.45643667267210297,4.761904762,2.104665954868759,0.0,0.0,0.0,0.0,2.104665954868759,2.0,0.0,0.45643667267210297
3.6294991742762117,0.40153429553208764,4.761904762,2.104665954868759,0.0,0.0,0.0,0.0,2.104665954868759,0.0,2.0,0.40153429553208764
3.417794282870715,3.0249057597204456,4.761904762,2.104665954868759,0.0,0.0,0.0,0.0,2.104665954868759,0.0,2.0,3.0249057597204456
2.8597325601207313,0.31637442076763644,4.761904762,0.0,2.159465519981342,0.0,2.159465519981342,0.0,0.0,0.0,2.0,0.31637442076763644
3.1633669629293353,1.3998629165938423,4.761904762,0.0,0.0,2.104665954868759,0.0,2.104665954868759,0.0,0.0,2.0,1.3998629165938423
1.5345743749987597,1.1883980343120462,4.761904762,2.104665954868759,0.0,0.0,0.0,0.0,2.104665954868759,2.0,0.0,1.1883980343120462
0.817447896003565,0.9043489178405294,4.761904762,0.0,2.159465519981342,0.0,2.159465519981342,0.0,0.0,2.0,0.0,0.9043489178405294
1.7031753876135873,0.5652708238205268,4.761904762,2.104665954868759,0.0,0.0,0.0,0.0,2.104665954868759,0.0,2.0,0.5652708238205268
2.82540203719011,0.31257640851352314,4.761904762,2.104665954868759,0.0,0.0,0.0,0.0,2.104665954868759,0.0,2.0,0.31257640851352314
2.3424860146327076,1.8140572529729744,4.761904762,0.0,0.0,2.104665954868759,0.0,2.104665954868759,0.0,0.0,2.0,1.8140572529729744
0.7342917404605053,0.6498820968149395,4.761904762,0.0,0.0,2.104665954868759,0.0,2.104665954868759,0.0,0.0,2.0,0.6498820968149395
3.6043234574604224,3.189992692365903,4.761904762,0.0,2.159465519981342,0.0,2.159465519981342,0.0,0.0,2.0,0.0,3.189992692365903
2.795267467062121,1.5462129887856741,4.761904762,0.0,2.159465519981342,0.0,2.159465519981342,0.0,0.0,0.0,2.0,1.5462129887856741
1.238187527031065,1.0958531357201524,4.761904762,2.104665954868759,0.0,0.0,0.0,0.0,2.104665954868759,0.0,2.0,1.0958531357201524
3.7141811308384103,4.109027257589004,4.761904762,0.0,2.159465519981342,0.0,2.159465519981342,0.0,0.0,2.0,0.0,4.109027257589004
2.8955888840704906,1.9220474013982618,4.761904762,0.0,0.0,2.104665954868759,0.0,2.104665954868759,0.0,2.0,0.0,1.9220474013982618
2.07928533883128,1.380197653144767,4.761904762,0.0,2.159465519981342,0.0,2.159465519981342,0.0,0.0,2.0,0.0,1.380197653144767
2.478282305336053,1.370871423054111,4.761904762,0.0,0.0,2.104665954868759,0.0,2.104665954868759,0.0,2.0,0.0,1.370871423054111
3.26979158401426,1.0852187014086354,4.761904762,0.0,0.0,2.104665954868759,0.0,2.104665954868759,0.0,0.0,2.0,1.0852187014086354
3.4864553287319575,2.6999647113129757,4.761904762,0.0,0.0,2.104665954868759,0.0,2.104665954868759,0.0,0.0,2.0,2.6999647113129757
1.8183733645585602,0.8046721962381342,4.761904762,2.104665954868759,0.0,0.0,0.0,0.0,2.104665954868759,2.0,0.0,0.8046721962381342
3.8061106422415176,2.105364792863463,4.761904762,2.104665954868759,0.0,0.0,0.0,0.0,2.104665954868759,0.0,2.0,2.105364792863463
2.765514347188916,2.4476078970952266,4.761904762,2.104665954868759,0.0,0.0,0.0,0.0,2.104665954868759,0.0,2.0,2.4476078970952266
2.1845656091518513,0.7250405393102257,4.761904762,0.0,2.159465519981342,0.0,2.159465519981342,0.0,0.0,0.0,2.0,0.7250405393102257
3.7099851780357787,1.6417540970447018,4.761904762,0.0,0.0,2.104665954868759,0.0,2.104665954868759,0.0,0.0,2.0,1.6417540970447018
2.0735635850095098,2.2939994014844225,4.761904762,0.0,2.159465519981342,0.0,2.159465519981342,0.0,0.0,2.0,0.0,2.2939994014844225
3.7565221091195093,0.8311738817446136,4.761904762,2.104665954868759,0.0,0.0,0.0,0.0,2.104665954868759,2.0,0.0,0.8311738817446136
1.4701092819401491,0.8131966237418106,4.761904762,2.104665954868759,0.0,0.0,0.0,0.0,2.104665954868759,0.0,2.0,0.8131966237418106
2.5656344136817446,1.1353524631629306,4.761904762,2.104665954868759,0.0,0.0,0.0,0.0,2.104665954868759,0.0,2.0,1.1353524631629306
3.171377418279813,2.4559635240542756,4.761904762,0.0,0.0,2.104665954868759,0.0,2.104665954868759,0.0,2.0,0.0,2.4559635240542756
2.1853285096614203,1.4505874802543333,4.761904762,0.0,0.0,2.104665954868759,0.0,2.104665954868759,0.0,2.0,0.0,1.4505874802543333
3.1011905713994325,2.0585226417293994,4.761904762,0.0,0.0,2.104665954868759,0.0,2.104665954868759,0.0,2.0,0.0,2.0585226417293994
2.848289052477191,2.8359757501463885,4.761904762,2.104665954868759,0.0,0.0,0.0,0.0,2.104665954868759,0.0,2.0,2.8359757501463885
1.3049413216183836,1.4436666579246156,4.761904762,0.0,2.159465519981342,0.0,2.159465519981342,0.0,0.0,2.0,0.0,1.4436666579246156
3.3224317191745456,3.675631859258521,4.761904762,0.0,0.0,2.104665954868759,0.0,2.104665954868759,0.0,2.0,0.0,3.675631859258521
0.5428037125585968,0.3002539687557334,4.761904762,2.104665954868759,0.0,0.0,0.0,0.0,2.104665954868759,2.0,0.0,0.3002539687557334
1.4922333967176604,0.16508693264545735,4.761904762,0.0,2.159465519981342,0.0,2.159465519981342,0.0,0.0,2.0,0.0,0.16508693264545735
1.342323446587282,1.4850227913582934,4.761904762,0.0,0.0,2.104665954868759,0.0,2.104665954868759,0.0,0.0,2.0,1.4850227913582934
2.0625015276207543,2.053585225799052,4.761904762,0.0,0.0,2.104665954868759,0.0,2.104665954868759,0.0,2.0,0.0,2.053585225799052
2.7445345831757586,0.30362997964827854,4.761904762,2.104665954868759,0.0,0.0,0.0,0.0,2.104665954868759,0.0,2.0,0.30362997964827854
1.3278283369054644,0.1468986739618704,4.761904762,0.0,2.159465519981342,0.0,2.159465519981342,0.0,0.0,2.0,0.0,0.1468986739618704
1.1317629059461398,0.8764546278408751,4.761904762,0.0,0.0,2.104665954868759,0.0,2.104665954868759,0.0,2.0,0.0,0.8764546278408751
3.4414441986673654,1.1421888852203346,4.761904762,0.0,0.0,2.104665954868759,0.0,2.104665954868759,0.0,0.0,2.0,1.1421888852203346
2.598439135593227,0.2874673275002187,4.761904762,0.0,0.0,2.104665954868759,0.0,2.104665954868759,0.0,2.0,0.0,0.2874673275002187
3.6760361053599424,2.846778985002533,4.761904762,0.0,0.0,2.104665954868759,0.0,2.104665954868759,0.0,0.0,2.0,2.846778985002533
3.380030707647032,0.3739354064855311,4.761904762,0.0,0.0,2.104665954868759,0.0,2.104665954868759,0.0,2.0,0.0,0.3739354064855311
2.9142799465549403,2.9016813621425483,4.761904762,2.104665954868759,0.0,0.0,0.0,0.0,2.104665954868759,0.0,2.0,2.9016813621425483
2.737668478589634,2.120092640382191,4.761904762,0.0,2.159465519981342,0.0,2.159465519981342,0.0,0.0,0.0,2.0,2.120092640382191
1.956076906535829,1.2984137892728609,4.761904762,2.104665954868759,0.0,0.0,0.0,0.0,2.104665954868759,0.0,2.0,1.2984137892728609
1.1676192298958994,0.12917461677600842,4.761904762,2.104665954868759,0.0,0.0,0.0,0.0,2.104665954868759,0.0,2.0,0.12917461677600842
1.3831386238492425,0.30603538740921693,4.761904762,2.104665954868759,0.0,0.0,0.0,0.0,2.104665954868759,2.0,0.0,0.30603538740921693
1.731021256212869,0.7660168715184923,4.761904762,0.0,0.0,2.104665954868759,0.0,2.104665954868759,0.0,2.0,0.0,0.7660168715184923
1.085225974862409,0.6002969368306827,4.761904762,2.104665954868759,0.0,0.0,0.0,0.0,2.104665954868759,2.0,0.0,0.6002969368306827
1.7024124871040183,1.1300352460071719,4.761904762,0.0,2.159465519981342,0.0,2.159465519981342,0.0,0.0,0.0,2.0,1.1300352460071719
1.3087558241662305,1.1583093372322375,4.761904762,0.0,0.0,2.104665954868759,0.0,2.104665954868759,0.0,0.0,2.0,1.1583093372322375
3.764914014724772,3.332122750942053,4.761904762,0.0,0.0,2.104665954868759,0.0,2.104665954868759,0.0,0.0,2.0,3.332122750942053
0.8513969686794014,0.37676281560803765,4.761904762,0.0,2.159465519981342,0.0,2.159465519981342,0.0,0.0,2.0,0.0,0.37676281560803765
2.845618900693698,3.148130157298343,4.761904762,0.0,2.159465519981342,0.0,2.159465519981342,0.0,0.0,2.0,0.0,3.148130157298343
1.488037443915029,0.16462273114773238,4.761904762,0.0,2.159465519981342,0.0,2.159465519981342,0.0,0.0,0.0,2.0,0.16462273114773238
2.3043409891542397,2.039448180186519,4.761904762,0.0,0.0,2.104665954868759,0.0,2.104665954868759,0.0,2.0,0.0,2.039448180186519
1.2961679657583358,1.2905645639476935,4.761904762,0.0,0.0,2.104665954868759,0.0,2.104665954868759,0.0,2.0,0.0,1.2905645639476935
3.0359625778312527,1.0076126510162537,4.761904762,2.104665954868759,0.0,0.0,0.0,0.0,2.104665954868759,2.0,0.0,1.0076126510162537
1.122226649576523,1.2415280057334754,4.761904762,2.104665954868759,0.0,0.0,0.0,0.0,2.104665954868759,2.0,0.0,1.2415280057334754
2.2150816295346254,2.205505715963583,4.761904762,2.104665954868759,0.0,0.0,0.0,0.0,2.104665954868759,0.0,2.0,2.205505715963583
3.7858937787379294,0.837672702712763,4.761904762,0.0,2.159465519981342,0.0,2.159465519981342,0.0,0.0,0.0,2.0,0.837672702712763
3.614622614339609,1.5995539608878875,4.761904762,2.104665954868759,0.0,0.0,0.0,0.0,2.104665954868759,2.0,0.0,1.5995539608878875
3.758429360393433,2.494787649318545,4.761904762,2.104665954868759,0.0,0.0,0.0,0.0,2.104665954868759,0.0,2.0,2.494787649318545
3.1912128315286163,1.76523169543954,4.761904762,0.0,0.0,2.104665954868759,0.0,2.104665954868759,0.0,2.0,0.0,1.76523169543954
1.8298168722021004,1.4170383720096658,4.761904762,0.0,2.159465519981342,0.0,2.159465519981342,0.0,0.0,0.0,2.0,1.4170383720096658
2.192957514757114,0.9704343310621004,4.761904762,0.0,2.159465519981342,0.0,2.159465519981342,0.0,0.0,2.0,0.0,0.9704343310621004
0.8803871880430368,0.5843874854995638,4.761904762,0.0,2.159465519981342,0.0,2.159465519981342,0.0,0.0,2.0,0.0,0.5843874854995638
3.8129767468276414,3.7964930492116373,4.761904762,0.0,2.159465519981342,0.0,2.159465519981342,0.0,0.0,0.0,2.0,3.7964930492116373
2.9386927628611597,0.9753295468562909,4.761904762,0.0,2.159465519981342,0.0,2.159465519981342,0.0,0.0,2.0,0.0,0.9753295468562909
2.136121426794197,0.7089622874344794,4.761904762,2.104665954868759,0.0,0.0,0.0,0.0,2.104665954868759,0.0,2.0,0.7089622874344794
1.9244165353887008,1.2773981214667673,4.761904762,0.0,2.159465519981342,0.0,2.159465519981342,0.0,0.0,0.0,2.0,1.2773981214667673
2.208215524948501,0.4885931764235954,4.761904762,0.0,2.159465519981342,0.0,2.159465519981342,0.0,0.0,0.0,2.0,0.4885931764235954
3.307936609492728,0.3659595807518932,4.761904762,0.0,2.159465519981342,0.0,2.159465519981342,0.0,0.0,2.0,0.0,0.3659595807518932
2.134977076029843,1.6533591344878256,4.761904762,0.0,2.159465519981342,0.0,2.159465519981342,0.0,0.0,2.0,0.0,1.6533591344878256
0.3879349091160176,0.04291753847148009,4.761904762,0.0,0.0,2.104665954868759,0.0,2.104665954868759,0.0,0.0,2.0,0.04291753847148009
3.069530200252304,3.0562604608849586,4.761904762,0.0,2.159465519981342,0.0,2.159465519981342,0.0,0.0,0.0,2.0,3.0562604608849586
0.9658320451148048,0.8548059579924295,4.761904762,0.0,2.159465519981342,0.0,2.159465519981342,0.0,0.0,2.0,0.0,0.8548059579924295
1.678762571307368,1.4857823938091161,4.761904762,0.0,0.0,2.104665954868759,0.0,2.104665954868759,0.0,2.0,0.0,1.4857823938091161
3.4578465596231065,3.825442342615212,4.761904762,2.104665954868759,0.0,0.0,0.0,0.0,2.104665954868759,2.0,0.0,3.825442342615212
1.5490694846805775,1.542372776395404,4.761904762,0.0,2.159465519981342,0.0,2.159465519981342,0.0,0.0,0.0,2.0,1.542372776395404
2.651460721008297,0.5866662928520316,4.761904762,0.0,2.159465519981342,0.0,2.159465519981342,0.0,0.0,0.0,2.0,0.5866662928520316
3.0752519540740746,2.041304986177419,4.761904762,2.104665954868759,0.0,0.0,0.0,0.0,2.104665954868759,0.0,2.0,2.041304986177419
1.251156835693744,1.3841644659435073,4.761904762,0.0,0.0,2.104665954868759,0.0,2.104665954868759,0.0,2.0,0.0,1.3841644659435073
2.437848578328877,2.157608561425599,4.761904762,0.0,0.0,2.104665954868759,0.0,2.104665954868759,0.0,0.0,2.0,2.157608561425599
0.875428334730836,0.968493124798887,4.761904762,0.0,2.159465519981342,0.0,2.159465519981342,0.0,0.0,0.0,2.0,0.968493124798887
2.3974148513217015,1.0609114229823102,4.761904762,0.0,2.159465519981342,0.0,2.159465519981342,0.0,0.0,2.0,0.0,1.0609114229823102
3.5623639294341083,2.36464242941093,4.761904762,0.0,2.159465519981342,0.0,2.159465519981342,0.0,0.0,0.0,2.0,2.36464242941093
2.616748747822891,2.894929340357457,4.761904762,0.0,0.0,2.104665954868759,0.0,2.104665954868759,0.0,2.0,0.0,2.894929340357457
3.421227335163777,0.378493021190467,4.761904762,2.104665954868759,0.0,0.0,0.0,0.0,2.104665954868759,0.0,2.0,0.378493021190467
3.7752131716039585,3.7588927278959154,4.761904762,0.0,0.0,2.104665954868759,0.0,2.104665954868759,0.0,2.0,0.0,3.7588927278959154
2.963105579167379,1.3112426306645324,4.761904762,2.104665954868759,0.0,0.0,0.0,0.0,2.104665954868759,2.0,0.0,1.3112426306645324
2.3962705005573475,0.5302025106742143,4.761904762,0.0,0.0,2.104665954868759,0.0,2.104665954868759,0.0,2.0,0.0,0.5302025106742143
3.3731646030609084,2.985406432277667,4.761904762,0.0,2.159465519981342,0.0,2.159465519981342,0.0,0.0,2.0,0.0,2.985406432277667
2.515282980050167,1.1130707912721327,4.761904762,0.0,0.0,2.104665954868759,0.0,2.104665954868759,0.0,0.0,2.0,1.1130707912721327
3.169088716751105,0.3505987311908128,4.761904762,0.0,0.0,2.104665954868759,0.0,2.104665954868759,0.0,0.0,2.0,0.3505987311908128
2.2246178859042423,0.4922223881330814,4.761904762,0.0,0.0,2.104665954868759,0.0,2.104665954868759,0.0,2.0,0.0,0.4922223881330814
1.003595620338488,0.5551427911428914,4.761904762,2.104665954868759,0.0,0.0,0.0,0.0,2.104665954868759,2.0,0.0,0.5551427911428914
2.9726418355369963,2.9597909496304813,4.761904762,2.104665954868759,0.0,0.0,0.0,0.0,2.104665954868759,2.0,0.0,2.9597909496304813
2.2181332315729025,0.9815751670074996,4.761904762,2.104665954868759,0.0,0.0,0.0,0.0,2.104665954868759,0.0,2.0,0.9815751670074996
3.4338151935716716,3.0390850054691354,4.761904762,2.104665954868759,0.0,0.0,0.0,0.0,2.104665954868759,2.0,0.0,3.0390850054691354
3.508579443509469,0.3881568523703775,4.761904762,0.0,0.0,2.104665954868759,0.0,2.104665954868759,0.0,0.0,2.0,0.3881568523703775
1.0623389595753283,0.8226916543770939,4.761904762,0.0,0.0,2.104665954868759,0.0,2.104665954868759,0.0,0.0,2.0,0.8226916543770939
3.7359237953611366,0.4133081335198388,4.761904762,2.104665954868759,0.0,0.0,0.0,0.0,2.104665954868759,0.0,2.0,0.4133081335198388
3.2854310444604318,0.7269395454372822,4.761904762,0.0,0.0,2.104665954868759,0.0,2.104665954868759,0.0,0.0,2.0,0.7269395454372822
2.5042209226614114,0.5540877877389712,4.761904762,0.0,0.0,2.104665954868759,0.0,2.104665954868759,0.0,0.0,2.0,0.5540877877389712
1.958365608064537,1.0832774951454218,4.761904762,2.104665954868759,0.0,0.0,0.0,0.0,2.104665954868759,0.0,2.0,1.0832774951454218
1.1275669531435082,0.6237180123977146,4.761904762,0.0,2.159465519981342,0.0,2.159465519981342,0.0,0.0,2.0,0.0,0.6237180123977146
1.9160246297834376,0.8478851356627118,4.761904762,2.104665954868759,0.0,0.0,0.0,0.0,2.104665954868759,2.0,0.0,0.8478851356627118
3.088221262736753,2.7332184186045456,4.761904762,2.104665954868759,0.0,0.0,0.0,0.0,2.104665954868759,0.0,2.0,2.7332184186045456
0.6210010147894559,0.0687018216632936,4.761904762,0.0,0.0,2.104665954868759,0.0,2.104665954868759,0.0,0.0,2.0,0.0687018216632936
2.6209447006255226,1.159828542133883,4.761904762,0.0,2.159465519981342,0.0,2.159465519981342,0.0,0.0,2.0,0.0,1.159828542133883
1.2702293484329779,1.264738080619723,4.761904762,2.104665954868759,0.0,0.0,0.0,0.0,2.104665954868759,2.0,0.0,1.264738080619723
2.8944445333061366,2.241502432105346,4.761904762,0.0,2.159465519981342,0.0,2.159465519981342,0.0,0.0,0.0,2.0,2.241502432105346
1.4476037169078533,1.6014951671511009,4.761904762,0.0,2.159465519981342,0.0,2.159465519981342,0.0,0.0,2.0,0.0,1.6014951671511009
3.491795632298943,1.5452001855179107,4.761904762,0.0,2.159465519981342,0.0,2.159465519981342,0.0,0.0,2.0,0.0,1.5452001855179107
0.9536256369616951,0.10550034039203562,4.761904762,2.104665954868759,0.0,0.0,0.0,0.0,2.104665954868759,0.0,2.0,0.10550034039203562
2.4115285107487345,0.5335785215667594,4.761904762,0.0,0.0,2.104665954868759,0.0,2.104665954868759,0.0,2.0,0.0,0.5335785215667594
2.6312438575047095,0.2910965392097047,4.761904762,0.0,0.0,2.104665954868759,0.0,2.104665954868759,0.0,0.0,2.0,0.2910965392097047
1.4106030421937392,1.560561035078991,4.761904762,0.0,0.0,2.104665954868759,0.0,2.104665954868759,0.0,2.0,0.0,1.560561035078991
1.3156219287523547,0.7277413480242618,4.761904762,0.0,2.159465519981342,0.0,2.159465519981342,0.0,0.0,2.0,0.0,0.7277413480242618
2.087677244436543,1.6167294163037107,4.761904762,0.0,2.159465519981342,0.0,2.159465519981342,0.0,0.0,2.0,0.0,1.6167294163037107
1.7447534653851173,0.5790702683438052,4.761904762,0.0,0.0,2.104665954868759,0.0,2.104665954868759,0.0,0.0,2.0,0.5790702683438052
2.248649251955677,2.4876980264442,4.761904762,0.0,0.0,2.104665954868759,0.0,2.104665954868759,0.0,0.0,2.0,2.4876980264442
3.1793878736302914,0.7034762697340936,4.761904762,0.0,0.0,2.104665954868759,0.0,2.104665954868759,0.0,2.0,0.0,0.7034762697340936
3.28199799216737,1.8154498574661493,4.761904762,0.0,0.0,2.104665954868759,0.0,2.104665954868759,0.0,0.0,2.0,1.8154498574661493
2.8944445333061366,0.32021463315790655,4.761904762,0.0,0.0,2.104665954868759,0.0,2.104665954868759,0.0,0.0,2.0,0.32021463315790655
0.7632819598241408,0.7599822520480679,4.761904762,0.0,2.159465519981342,0.0,2.159465519981342,0.0,0.0,2.0,0.0,0.7599822520480679
2.5728819685226534,2.8463991837771214,4.761904762,2.104665954868759,0.0,0.0,0.0,0.0,2.104665954868759,0.0,2.0,2.8463991837771214
3.1259848379604365,3.458301158050928,4.761904762,0.0,0.0,2.104665954868759,0.0,2.104665954868759,0.0,0.0,2.0,3.458301158050928
3.054653640315702,1.0138160710313056,4.761904762,2.104665954868759,0.0,0.0,0.0,0.0,2.104665954868759,0.0,2.0,1.0138160710313056
1.5357187257631137,1.6989774816733416,4.761904762,2.104665954868759,0.0,0.0,0.0,0.0,2.104665954868759,2.0,0.0,1.6989774816733416
0.624434067082518,0.41448973733222955,4.761904762,0.0,2.159465519981342,0.0,2.159465519981342,0.0,0.0,2.0,0.0,0.41448973733222955
0.7514570019258157,0.08313426822892407,4.761904762,2.104665954868759,0.0,0.0,0.0,0.0,2.104665954868759,0.0,2.0,0.08313426822892407
2.886052627700874,1.596431150812283,4.761904762,0.0,2.159465519981342,0.0,2.159465519981342,0.0,0.0,0.0,2.0,1.596431150812283
1.5891217614329687,1.054834603375729,4.761904762,2.104665954868759,0.0,0.0,0.0,0.0,2.104665954868759,0.0,2.0,1.054834603375729
2.0384701615693195,0.45103505524403076,4.761904762,0.0,2.159465519981342,0.0,2.159465519981342,0.0,0.0,0.0,2.0,0.45103505524403076
2.221566283865965,2.2119623367955756,4.761904762,0.0,2.159465519981342,0.0,2.159465519981342,0.0,0.0,2.0,0.0,2.2119623367955756
0.7548900542188778,0.6681125556346833,4.761904762,0.0,2.159465519981342,0.0,2.159465519981342,0.0,0.0,0.0,2.0,0.6681125556346833
1.3556742055047457,1.4997928390131785,4.761904762,2.104665954868759,0.0,0.0,0.0,0.0,2.104665954868759,2.0,0.0,1.4997928390131785
2.9611983278934555,2.9483969128681413,4.761904762,0.0,0.0,2.104665954868759,0.0,2.104665954868759,0.0,2.0,0.0,2.9483969128681413
3.09775751910637,3.427073057294885,4.761904762,2.104665954868759,0.0,0.0,0.0,0.0,2.104665954868759,2.0,0.0,3.427073057294885
2.7411015308826965,2.426001427382938,4.761904762,0.0,2.159465519981342,0.0,2.159465519981342,0.0,0.0,0.0,2.0,2.426001427382938
1.4281497539138346,0.9479838586266753,4.761904762,2.104665954868759,0.0,0.0,0.0,0.0,2.104665954868759,2.0,0.0,0.9479838586266753
2.408858358965242,1.598963158981692,4.761904762,0.0,2.159465519981342,0.0,2.159465519981342,0.0,0.0,2.0,0.0,1.598963158981692
0.4504927509007048,0.24919180400598817,4.761904762,0.0,0.0,2.104665954868759,0.0,2.104665954868759,0.0,0.0,2.0,0.24919180400598817
1.8176104640489907,0.6032509463616598,4.761904762,0.0,0.0,2.104665954868759,0.0,2.104665954868759,0.0,2.0,0.0,0.6032509463616598
1.950355152714059,0.8630771846791652,4.761904762,0.0,2.159465519981342,0.0,2.159465519981342,0.0,0.0,0.0,2.0,0.8630771846791652
2.800226320374321,0.9293735985815202,4.761904762,0.0,2.159465519981342,0.0,2.159465519981342,0.0,0.0,2.0,0.0,0.9293735985815202
1.9179318810573611,1.0609114229823102,4.761904762,0.0,2.159465519981342,0.0,2.159465519981342,0.0,0.0,0.0,2.0,1.0609114229823102
3.688623963767837,2.040376583181969,4.761904762,2.104665954868759,0.0,0.0,0.0,0.0,2.104665954868759,2.0,0.0,2.040376583181969
1.1702893816793922,0.3884100531873184,4.761904762,2.104665954868759,0.0,0.0,0.0,0.0,2.104665954868759,0.0,2.0,0.3884100531873184
2.9219089516506336,3.2325304296119715,4.761904762,0.0,2.159465519981342,0.0,2.159465519981342,0.0,0.0,2.0,0.0,3.2325304296119715
1.5536468877379936,1.203168081966931,4.761904762,0.0,2.159465519981342,0.0,2.159465519981342,0.0,0.0,2.0,0.0,1.203168081966931
3.619200017397025,2.802764242990975,4.761904762,2.104665954868759,0.0,0.0,0.0,0.0,2.104665954868759,2.0,0.0,2.802764242990975
2.488200011960455,2.752714881508994,4.761904762,0.0,2.159465519981342,0.0,2.159465519981342,0.0,0.0,0.0,2.0,2.752714881508994
2.0464806169197978,1.5848261133691592,4.761904762,2.104665954868759,0.0,0.0,0.0,0.0,2.104665954868759,2.0,0.0,1.5848261133691592
3.4437329001960735,3.4288454630134715,4.761904762,0.0,2.159465519981342,0.0,2.159465519981342,0.0,0.0,2.0,0.0,3.4288454630134715
3.5841065939568346,1.586049917317707,4.761904762,0.0,2.159465519981342,0.0,2.159465519981342,0.0,0.0,2.0,0.0,1.586049917317707
2.4485291854628484,2.7088267399059065,4.761904762,2.104665954868759,0.0,0.0,0.0,0.0,2.104665954868759,0.0,2.0,2.7088267399059065
1.9633244613767378,0.21720410079912297,4.761904762,0.0,0.0,2.104665954868759,0.0,2.104665954868759,0.0,2.0,0.0,0.21720410079912297
3.80305904020324,1.2622060724503144,4.761904762,0.0,2.159465519981342,0.0,2.159465519981342,0.0,0.0,0.0,2.0,1.2622060724503144
0.5332674561889799,0.058995790347226316,4.761904762,0.0,0.0,2.104665954868759,0.0,2.104665954868759,0.0,0.0,2.0,0.058995790347226316
0.8883976433935151,0.3931364684368816,4.761904762,2.104665954868759,0.0,0.0,0.0,0.0,2.104665954868759,0.0,2.0,0.3931364684368816
1.5162647627690953,0.8387277061166832,4.761904762,0.0,2.159465519981342,0.0,2.159465519981342,0.0,0.0,2.0,0.0,0.8387277061166832
1.5456364323875156,0.8549747585370568,4.761904762,0.0,0.0,2.104665954868759,0.0,2.104665954868759,0.0,0.0,2.0,0.8549747585370568
1.7725993339843988,0.7844161308828633,4.761904762,0.0,2.159465519981342,0.0,2.159465519981342,0.0,0.0,0.0,2.0,0.7844161308828633
1.2477237834006818,0.6901832268446971,4.761904762,2.104665954868759,0.0,0.0,0.0,0.0,2.104665954868759,0.0,2.0,0.6901832268446971
1.850796636215258,0.6142651818985883,4.761904762,0.0,2.159465519981342,0.0,2.159465519981342,0.0,0.0,2.0,0.0,0.6142651818985883
2.1410802801063977,0.9474774569927936,4.761904762,0.0,0.0,2.104665954868759,0.0,2.104665954868759,0.0,2.0,0.0,0.9474774569927936
1.459810125060963,0.32299984214425626,4.761904762,0.0,2.159465519981342,0.0,2.159465519981342,0.0,0.0,2.0,0.0,0.32299984214425626
2.7693288497367625,1.8382379309908288,4.761904762,0.0,2.159465519981342,0.0,2.159465519981342,0.0,0.0,0.0,2.0,1.8382379309908288
1.8073113071698046,0.7997769804439437,4.761904762,0.0,0.0,2.104665954868759,0.0,2.104665954868759,0.0,2.0,0.0,0.7997769804439437
3.770254318291758,0.41710614577395205,4.761904762,0.0,0.0,2.104665954868759,0.0,2.104665954868759,0.0,2.0,0.0,0.41710614577395205
3.4845480774580335,0.3854982437924982,4.761904762,0.0,2.159465519981342,0.0,2.159465519981342,0.0,0.0,0.0,2.0,0.3854982437924982
3.4029177229341125,3.3882067318944595,4.761904762,2.104665954868759,0.0,0.0,0.0,0.0,2.104665954868759,2.0,0.0,3.3882067318944595
3.6443757342128142,2.8222607058954234,4.761904762,0.0,2.159465519981342,0.0,2.159465519981342,0.0,0.0,0.0,2.0,2.8222607058954234
3.3739275035704774,0.37326020430702206,4.761904762,0.0,2.159465519981342,0.0,2.159465519981342,0.0,0.0,0.0,2.0,0.37326020430702206
1.8549925890178893,2.052192621305877,4.761904762,2.104665954868759,0.0,0.0,0.0,0.0,2.104665954868759,0.0,2.0,2.052192621305877
3.028333572735559,3.3502688094894832,4.761904762,0.0,2.159465519981342,0.0,2.159465519981342,0.0,0.0,0.0,2.0,3.3502688094894832
3.090128514010677,1.0255899090190568,4.761904762,2.104665954868759,0.0,0.0,0.0,0.0,2.104665954868759,0.0,2.0,1.0255899090190568
0.8056229381052401,0.1782533751263834,4.761904762,0.0,0.0,2.104665954868759,0.0,2.104665954868759,0.0,2.0,0.0,0.1782533751263834
3.6661183987355406,0.4055855086031418,4.761904762,0.0,2.159465519981342,0.0,2.159465519981342,0.0,0.0,0.0,2.0,0.4055855086031418
2.178843855330081,1.6873302440940612,4.761904762,0.0,0.0,2.104665954868759,0.0,2.104665954868759,0.0,0.0,2.0,1.6873302440940612
1.349571001428191,1.3437367355052794,4.761904762,0.0,2.159465519981342,0.0,2.159465519981342,0.0,0.0,2.0,0.0,1.3437367355052794
1.5391517780561759,0.1702775493927455,4.761904762,0.0,0.0,2.104665954868759,0.0,2.104665954868759,0.0,0.0,2.0,0.1702775493927455
0.41921383000836115,0.2318897481816943,4.761904762,0.0,0.0,2.104665954868759,0.0,2.104665954868759,0.0,2.0,0.0,0.2318897481816943
1.8542296885083198,0.20513486185827406,4.761904762,0.0,0.0,2.104665954868759,0.0,2.104665954868759,0.0,0.0,2.0,0.20513486185827406
1.3182920805358473,1.0209056939056504,4.761904762,0.0,0.0,2.104665954868759,0.0,2.104665954868759,0.0,0.0,2.0,1.0209056939056504
0.6221453655538098,0.6194557986458764,4.761904762,0.0,0.0,2.104665954868759,0.0,2.104665954868759,0.0,2.0,0.0,0.6194557986458764
1.574626651751151,0.5226064861659877,4.761904762,2.104665954868759,0.0,0.0,0.0,0.0,2.104665954868759,0.0,2.0,0.5226064861659877
2.3562182238049565,1.3033512052032081,4.761904762,2.104665954868759,0.0,0.0,0.0,0.0,2.104665954868759,2.0,0.0,1.3033512052032081
3.4521248058013363,3.81911232219169,4.761904762,0.0,0.0,2.104665954868759,0.0,2.104665954868759,0.0,0.0,2.0,3.81911232219169
1.1001025347990114,0.4868207707050092,4.761904762,0.0,0.0,2.104665954868759,0.0,2.104665954868759,0.0,0.0,2.0,0.4868207707050092
1.5040583546159856,0.9983708211979117,4.761904762,0.0,0.0,2.104665954868759,0.0,2.104665954868759,0.0,2.0,0.0,0.9983708211979117
1.869487698699707,2.0682286730454664,4.761904762,0.0,2.159465519981342,0.0,2.159465519981342,0.0,0.0,2.0,0.0,2.0682286730454664
3.7111295288001327,3.2845209973571667,4.761904762,2.104665954868759,0.0,0.0,0.0,0.0,2.104665954868759,2.0,0.0,3.2845209973571667
2.826546387954464,0.3127030089219936,4.761904762,2.104665954868759,0.0,0.0,0.0,0.0,2.104665954868759,0.0,2.0,0.3127030089219936
0.4302758873971168,0.42841578226397825,4.761904762,0.0,2.159465519981342,0.0,2.159465519981342,0.0,0.0,2.0,0.0,0.42841578226397825
1.7840428416279392,1.1842202208325217,4.761904762,0.0,0.0,2.104665954868759,0.0,2.104665954868759,0.0,0.0,2.0,1.1842202208325217
2.187235760935344,0.7259267421695188,4.761904762,0.0,2.159465519981342,0.0,2.159465519981342,0.0,0.0,2.0,0.0,0.7259267421695188
1.9526438542427669,0.8640899879469286,4.761904762,2.104665954868759,0.0,0.0,0.0,0.0,2.104665954868759,2.0,0.0,0.8640899879469286
0.5607318745334767,0.31017100075258475,4.761904762,0.0,0.0,2.104665954868759,0.0,2.104665954868759,0.0,0.0,2.0,0.31017100075258475
2.0705119829712326,1.6034363734143144,4.761904762,2.104665954868759,0.0,0.0,0.0,0.0,2.104665954868759,2.0,0.0,1.6034363734143144
3.126747738470006,3.459145160774064,4.761904762,0.0,0.0,2.104665954868759,0.0,2.104665954868759,0.0,0.0,2.0,3.459145160774064
1.8836013581267403,1.4586899063964416,4.761904762,2.104665954868759,0.0,0.0,0.0,0.0,2.104665954868759,0.0,2.0,1.4586899063964416
2.6209447006255226,0.8698714066004122,4.761904762,2.104665954868759,0.0,0.0,0.0,0.0,2.104665954868759,2.0,0.0,0.8698714066004122
2.3253207531673974,0.5145040600238794,4.761904762,0.0,2.159465519981342,0.0,2.159465519981342,0.0,0.0,2.0,0.0,0.5145040600238794
1.5162647627690953,0.16774554122333665,4.761904762,0.0,2.159465519981342,0.0,2.159465519981342,0.0,0.0,0.0,2.0,0.16774554122333665
1.7798468888253076,1.7721525177692576,4.761904762,0.0,0.0,2.104665954868759,0.0,2.104665954868759,0.0,2.0,0.0,1.7721525177692576
1.679144021562153,1.8576499936229636,4.761904762,2.104665954868759,0.0,0.0,0.0,0.0,2.104665954868759,0.0,2.0,1.8576499936229636
3.618818567142241,3.2028215337575743,4.761904762,0.0,2.159465519981342,0.0,2.159465519981342,0.0,0.0,0.0,2.0,3.2028215337575743
1.6238337346183744,1.2575218573369078,4.761904762,2.104665954868759,0.0,0.0,0.0,0.0,2.104665954868759,2.0,0.0,1.2575218573369078
3.097376068851586,2.3986557391533223,4.761904762,0.0,0.0,2.104665954868759,0.0,2.104665954868759,0.0,2.0,0.0,2.3986557391533223
1.729876905448515,1.1482657048269158,4.761904762,0.0,2.159465519981342,0.0,2.159465519981342,0.0,0.0,0.0,2.0,1.1482657048269158
3.3662984984747837,3.3517458142549716,4.761904762,0.0,2.159465519981342,0.0,2.159465519981342,0.0,0.0,2.0,0.0,3.3517458142549716
0.8586445235203103,0.6649475454229221,4.761904762,0.0,0.0,2.104665954868759,0.0,2.104665954868759,0.0,2.0,0.0,0.6649475454229221
3.7836050772092213,2.5114989032366433,4.761904762,0.0,0.0,2.104665954868759,0.0,2.104665954868759,0.0,2.0,0.0,2.5114989032366433
0.46155480828946044,0.40849731799796196,4.761904762,0.0,2.159465519981342,0.0,2.159465519981342,0.0,0.0,2.0,0.0,0.40849731799796196
1.9480664511853507,1.5086126674699527,4.761904762,0.0,2.159465519981342,0.0,2.159465519981342,0.0,0.0,2.0,0.0,1.5086126674699527
1.549450934935362,0.342833906137959,4.761904762,0.0,2.159465519981342,0.0,2.159465519981342,0.0,0.0,2.0,0.0,0.342833906137959
0.5183908962523774,0.5161498653339951,4.761904762,0.0,2.159465519981342,0.0,2.159465519981342,0.0,0.0,0.0,2.0,0.5161498653339951
0.4398121437667338,0.3405972989216478,4.761904762,2.104665954868759,0.0,0.0,0.0,0.0,2.104665954868759,0.0,2.0,0.3405972989216478
0.45201855191984347,0.4000572907665991,4.761904762,0.0,2.159465519981342,0.0,2.159465519981342,0.0,0.0,2.0,0.0,0.4000572907665991
2.725843520691309,2.1109352108361623,4.761904762,2.104665954868759,0.0,0.0,0.0,0.0,2.104665954868759,2.0,0.0,2.1109352108361623
2.759792593367145,3.053179850945511,4.761904762,2.104665954868759,0.0,0.0,0.0,0.0,2.104665954868759,2.0,0.0,3.053179850945511
0.582855989310988,0.3224090402380609,4.761904762,0.0,0.0,2.104665954868759,0.0,2.104665954868759,0.0,2.0,0.0,0.3224090402380609
0.46117335803467574,0.05101996461358843,4.761904762,2.104665954868759,0.0,0.0,0.0,0.0,2.104665954868759,2.0,0.0,0.05101996461358843
0.8483453666411239,0.9385310281275488,4.761904762,2.104665954868759,0.0,0.0,0.0,0.0,2.104665954868759,2.0,0.0,0.9385310281275488
2.7800094568707334,2.76799133079776,4.761904762,0.0,0.0,2.104665954868759,0.0,2.104665954868759,0.0,2.0,0.0,2.76799133079776
3.7855123284831445,3.769147360982022,4.761904762,0.0,0.0,2.104665954868759,0.0,2.104665954868759,0.0,0.0,2.0,3.769147360982022
3.206089391465219,1.0640764331940713,4.761904762,0.0,0.0,2.104665954868759,0.0,2.104665954868759,0.0,2.0,0.0,1.0640764331940713
3.009261059996325,2.3304181189877533,4.761904762,0.0,0.0,2.104665954868759,0.0,2.104665954868759,0.0,2.0,0.0,2.3304181189877533
2.6350583600525557,0.5830370811425457,4.761904762,0.0,2.159465519981342,0.0,2.159465519981342,0.0,0.0,0.0,2.0,0.5830370811425457
1.9259423364078394,1.9176163871017966,4.761904762,0.0,0.0,2.104665954868759,0.0,2.104665954868759,0.0,0.0,2.0,1.9176163871017966
2.7514006877618824,3.0438958209910116,4.761904762,0.0,2.159465519981342,0.0,2.159465519981342,0.0,0.0,0.0,2.0,3.0438958209910116
3.7061706754879316,0.4100165228996072,4.761904762,2.104665954868759,0.0,0.0,0.0,0.0,2.104665954868759,0.0,2.0,0.4100165228996072
1.7909089462140635,0.9906481962812146,4.761904762,2.104665954868759,0.0,0.0,0.0,0.0,2.104665954868759,2.0,0.0,0.9906481962812146
3.0653342474496728,1.3564811766246372,4.761904762,0.0,0.0,2.104665954868759,0.0,2.104665954868759,0.0,2.0,0.0,1.3564811766246372
3.3823194091757403,3.7418860730247196,4.761904762,2.104665954868759,0.0,0.0,0.0,0.0,2.104665954868759,0.0,2.0,3.7418860730247196
3.810306595044149,0.8430743201408352,4.761904762,0.0,2.159465519981342,0.0,2.159465519981342,0.0,0.0,0.0,2.0,0.8430743201408352
1.432345706716466,1.584615112688375,4.761904762,0.0,0.0,2.104665954868759,0.0,2.104665954868759,0.0,2.0,0.0,1.584615112688375
1.881312656598032,1.2487864291524473,4.761904762,0.0,0.0,2.104665954868759,0.0,2.104665954868759,0.0,2.0,0.0,1.2487864291524473
0.9746054009748524,0.43128539152264167,4.761904762,0.0,2.159465519981342,0.0,2.159465519981342,0.0,0.0,0.0,2.0,0.43128539152264167
1.9373858440513798,1.0716724577022978,4.761904762,2.104665954868759,0.0,0.0,0.0,0.0,2.104665954868759,0.0,2.0,1.0716724577022978
0.5489069166351517,0.12145199185931142,4.761904762,0.0,0.0,2.104665954868759,0.0,2.104665954868759,0.0,2.0,0.0,0.12145199185931142
2.8498148534963295,1.8916633033653556,4.761904762,0.0,2.159465519981342,0.0,2.159465519981342,0.0,0.0,2.0,0.0,1.8916633033653556
3.681757859181712,2.443894285113427,4.761904762,2.104665954868759,0.0,0.0,0.0,0.0,2.104665954868759,2.0,0.0,2.443894285113427
1.996510633543005,0.6626265379342974,4.761904762,2.104665954868759,0.0,0.0,0.0,0.0,2.104665954868759,2.0,0.0,0.6626265379342974
3.580673541663773,3.1690614248321234,4.761904762,0.0,2.159465519981342,0.0,2.159465519981342,0.0,0.0,0.0,2.0,3.1690614248321234
2.9550951238169008,1.30769781922736,4.761904762,2.104665954868759,0.0,0.0,0.0,0.0,2.104665954868759,2.0,0.0,1.30769781922736
3.3868968122331564,2.9975600714908297,4.761904762,2.104665954868759,0.0,0.0,0.0,0.0,2.104665954868759,2.0,0.0,2.9975600714908297
3.425423287966409,3.7895722268819196,4.761904762,0.0,0.0,2.104665954868759,0.0,2.104665954868759,0.0,2.0,0.0,3.7895722268819196
2.5595312096051894,0.8494887408366708,4.761904762,2.104665954868759,0.0,0.0,0.0,0.0,2.104665954868759,2.0,0.0,0.8494887408366708
2.1403173795968287,0.4735699279517695,4.761904762,0.0,0.0,2.104665954868759,0.0,2.104665954868759,0.0,0.0,2.0,0.4735699279517695
2.383301191894668,0.26366645070777545,4.761904762,2.104665954868759,0.0,0.0,0.0,0.0,2.104665954868759,2.0,0.0,0.26366645070777545
1.8549925890178893,0.8208770485223509,4.761904762,2.104665954868759,0.0,0.0,0.0,0.0,2.104665954868759,2.0,0.0,0.8208770485223509
1.2080529569030753,1.0691826496690457,4.761904762,0.0,0.0,2.104665954868759,0.0,2.104665954868759,0.0,2.0,0.0,1.0691826496690457
2.4729420017690678,0.5471669654092536,4.761904762,0.0,2.159465519981342,0.0,2.159465519981342,0.0,0.0,2.0,0.0,0.5471669654092536
0.6274856691207954,0.27767689591183775,4.761904762,0.0,0.0,2.104665954868759,0.0,2.104665954868759,0.0,2.0,0.0,0.27767689591183775
1.0306785884282001,0.3420743036871363,4.761904762,0.0,0.0,2.104665954868759,0.0,2.104665954868759,0.0,2.0,0.0,0.3420743036871363
2.3218877008743353,0.5137444575730566,4.761904762,2.104665954868759,0.0,0.0,0.0,0.0,2.104665954868759,0.0,2.0,0.5137444575730566
2.4515807875011255,1.0848811003193808,4.761904762,2.104665954868759,0.0,0.0,0.0,0.0,2.104665954868759,2.0,0.0,1.0848811003193808
2.4912516139987324,1.929263624681077,4.761904762,0.0,0.0,2.104665954868759,0.0,2.104665954868759,0.0,0.0,2.0,1.929263624681077
3.768728517272619,0.8338746904586497,4.761904762,0.0,0.0,2.104665954868759,0.0,2.104665954868759,0.0,2.0,0.0,0.8338746904586497
0.526019901348071,0.29096993880123423,4.761904762,2.104665954868759,0.0,0.0,0.0,0.0,2.104665954868759,0.0,2.0,0.29096993880123423
3.206089391465219,2.1281528663881426,4.761904762,0.0,2.159465519981342,0.0,2.159465519981342,0.0,0.0,2.0,0.0,2.1281528663881426
3.8076364432606558,0.8424835182346396,4.761904762,0.0,0.0,2.104665954868759,0.0,2.104665954868759,0.0,0.0,2.0,0.8424835182346396
2.6686259824736074,2.36185722042458,4.761904762,2.104665954868759,0.0,0.0,0.0,0.0,2.104665954868759,2.0,0.0,2.36185722042458
2.629336606230786,2.036198769702444,4.761904762,2.104665954868759,0.0,0.0,0.0,0.0,2.104665954868759,2.0,0.0,2.036198769702444
0.895645198234424,0.1981718393923997,4.761904762,2.104665954868759,0.0,0.0,0.0,0.0,2.104665954868759,0.0,2.0,0.1981718393923997
1.4376860102834514,0.3181046263500658,4.761904762,2.104665954868759,0.0,0.0,0.0,0.0,2.104665954868759,0.0,2.0,0.3181046263500658
1.9576027075549678,1.9491398888109368,4.761904762,0.0,0.0,2.104665954868759,0.0,2.104665954868759,0.0,2.0,0.0,1.9491398888109368
2.8181544823492013,1.8706476355592623,4.761904762,2.104665954868759,0.0,0.0,0.0,0.0,2.104665954868759,0.0,2.0,1.8706476355592623
0.4749055672069241,0.31523501709140245,4.761904762,0.0,0.0,2.104665954868759,0.0,2.104665954868759,0.0,2.0,0.0,0.31523501709140245
1.0173278295107364,1.125477631302236,4.761904762,0.0,2.159465519981342,0.0,2.159465519981342,0.0,0.0,0.0,2.0,1.125477631302236
3.277039138855169,1.812706848615956,4.761904762,2.104665954868759,0.0,0.0,0.0,0.0,2.104665954868759,0.0,2.0,1.812706848615956
2.202493771126731,0.7309907585083364,4.761904762,0.0,2.159465519981342,0.0,2.159465519981342,0.0,0.0,0.0,2.0,0.7309907585083364
3.0088796097415402,0.6657493480099016,4.761904762,0.0,2.159465519981342,0.0,2.159465519981342,0.0,0.0,2.0,0.0,0.6657493480099016
0.5256384510932863,0.23260715049636013,4.761904762,0.0,2.159465519981342,0.0,2.159465519981342,0.0,0.0,2.0,0.0,0.23260715049636013
0.9341716739676764,1.033481334480381,4.761904762,2.104665954868759,0.0,0.0,0.0,0.0,2.104665954868759,2.0,0.0,1.033481334480381
0.7159821282308406,0.4752579333980421,4.761904762,0.0,0.0,2.104665954868759,0.0,2.104665954868759,0.0,0.0,2.0,0.4752579333980421
1.6368030432810534,0.9054039212444497,4.761904762,2.104665954868759,0.0,0.0,0.0,0.0,2.104665954868759,2.0,0.0,0.9054039212444497
1.8343942752595168,0.6088213643343592,4.761904762,0.0,2.159465519981342,0.0,2.159465519981342,0.0,0.0,0.0,2.0,0.6088213643343592
0.8784799367691135,0.874682222122289,4.761904762,2.104665954868759,0.0,0.0,0.0,0.0,2.104665954868759,2.0,0.0,0.874682222122289
1.8675804474257838,1.8595067996138632,4.761904762,2.104665954868759,0.0,0.0,0.0,0.0,2.104665954868759,2.0,0.0,1.8595067996138632
2.4790452058456225,0.2742586848831358,4.761904762,0.0,0.0,2.104665954868759,0.0,2.104665954868759,0.0,2.0,0.0,0.2742586848831358
3.3716388020417694,3.3570630314107306,4.761904762,0.0,2.159465519981342,0.0,2.159465519981342,0.0,0.0,2.0,0.0,3.3570630314107306
1.52236796684565,0.5052622302055371,4.761904762,0.0,2.159465519981342,0.0,2.159465519981342,0.0,0.0,0.0,2.0,0.5052622302055371
0.5885777431327582,0.06511481008996439,4.761904762,0.0,0.0,2.104665954868759,0.0,2.104665954868759,0.0,0.0,2.0,0.06511481008996439
0.9021298525657635,0.39921328804346284,4.761904762,0.0,2.159465519981342,0.0,2.159465519981342,0.0,0.0,2.0,0.0,0.39921328804346284
0.7968495822451924,0.17631216886316994,4.761904762,2.104665954868759,0.0,0.0,0.0,0.0,2.104665954868759,0.0,2.0,0.17631216886316994
1.216826312763123,0.13461843434023746,4.761904762,0.0,0.0,2.104665954868759,0.0,2.104665954868759,0.0,2.0,0.0,0.13461843434023746
3.719139984150611,4.114513275289389,4.761904762,0.0,0.0,2.104665954868759,0.0,2.104665954868759,0.0,0.0,2.0,4.114513275289389
1.5055841556351242,0.3331278748218917,4.761904762,2.104665954868759,0.0,0.0,0.0,0.0,2.104665954868759,2.0,0.0,0.3331278748218917
2.786494111202073,1.2330879785021123,4.761904762,2.104665954868759,0.0,0.0,0.0,0.0,2.104665954868759,2.0,0.0,1.2330879785021123
0.7285699866387351,0.5642158204166066,4.761904762,2.104665954868759,0.0,0.0,0.0,0.0,2.104665954868759,2.0,0.0,0.5642158204166066
2.4443332326602167,1.8929293074500602,4.761904762,0.0,2.159465519981342,0.0,2.159465519981342,0.0,0.0,2.0,0.0,1.8929293074500602
0.6641048935801245,0.3673521852450681,4.761904762,0.0,0.0,2.104665954868759,0.0,2.104665954868759,0.0,0.0,2.0,0.3673521852450681
0.6770742022428036,0.0749052416783453,4.761904762,0.0,2.159465519981342,0.0,2.159465519981342,0.0,0.0,2.0,0.0,0.0749052416783453
3.2137183965609126,0.7110722942423202,4.761904762,0.0,0.0,2.104665954868759,0.0,2.104665954868759,0.0,0.0,2.0,0.7110722942423202
1.6913504297152626,0.3742308074386288,4.761904762,2.104665954868759,0.0,0.0,0.0,0.0,2.104665954868759,0.0,2.0,0.3742308074386288
1.5113059094568944,1.1703785761730865,4.761904762,0.0,2.159465519981342,0.0,2.159465519981342,0.0,0.0,2.0,0.0,1.1703785761730865
1.2896833114269965,0.428035981038567,4.761904762,0.0,0.0,2.104665954868759,0.0,2.104665954868759,0.0,0.0,2.0,0.428035981038567
2.1574826410621393,1.1934198505147071,4.761904762,2.104665954868759,0.0,0.0,0.0,0.0,2.104665954868759,2.0,0.0,1.1934198505147071
2.247123450936538,1.7402070146985493,4.761904762,2.104665954868759,0.0,0.0,0.0,0.0,2.104665954868759,0.0,2.0,1.7402070146985493
1.2923534632104894,1.1437924903942935,4.761904762,2.104665954868759,0.0,0.0,0.0,0.0,2.104665954868759,0.0,2.0,1.1437924903942935
2.963105579167379,2.9502959189951983,4.761904762,0.0,2.159465519981342,0.0,2.159465519981342,0.0,0.0,2.0,0.0,2.9502959189951983
3.6035605569508533,3.1893174901873937,4.761904762,0.0,0.0,2.104665954868759,0.0,2.104665954868759,0.0,2.0,0.0,3.1893174901873937
0.5630205760621848,0.12457480193491567,4.761904762,0.0,2.159465519981342,0.0,2.159465519981342,0.0,0.0,2.0,0.0,0.12457480193491567
0.8948822977248547,0.5940091165433175,4.761904762,2.104665954868759,0.0,0.0,0.0,0.0,2.104665954868759,2.0,0.0,0.5940091165433175
2.028933905199702,1.571237669526665,4.761904762,0.0,0.0,2.104665954868759,0.0,2.104665954868759,0.0,0.0,2.0,1.571237669526665
0.6084131563815615,0.4038553030207124,4.761904762,0.0,0.0,2.104665954868759,0.0,2.104665954868759,0.0,2.0,0.0,0.4038553030207124
0.839953461035861,0.8363222983557449,4.761904762,0.0,2.159465519981342,0.0,2.159465519981342,0.0,0.0,0.0,2.0,0.8363222983557449
2.1170489140549633,0.9368430226812764,4.761904762,2.104665954868759,0.0,0.0,0.0,0.0,2.104665954868759,0.0,2.0,0.9368430226812764
0.8315615554305982,0.7359703745748406,4.761904762,0.0,0.0,2.104665954868759,0.0,2.104665954868759,0.0,0.0,2.0,0.7359703745748406
1.6345143417523456,0.18082758343194907,4.761904762,0.0,0.0,2.104665954868759,0.0,2.104665954868759,0.0,0.0,2.0,0.18082758343194907
1.2442907311076197,0.5506273765741123,4.761904762,0.0,2.159465519981342,0.0,2.159465519981342,0.0,0.0,0.0,2.0,0.5506273765741123
0.9925335629497323,0.7686332799602147,4.761904762,2.104665954868759,0.0,0.0,0.0,0.0,2.104665954868759,0.0,2.0,0.7686332799602147
1.9717163669820006,1.5269275265620101,4.761904762,2.104665954868759,0.0,0.0,0.0,0.0,2.104665954868759,0.0,2.0,1.5269275265620101
3.639798331155398,1.6106947968332863,4.761904762,0.0,0.0,2.104665954868759,0.0,2.104665954868759,0.0,2.0,0.0,1.6106947968332863
3.8076364432606558,3.7911758320558784,4.761904762,0.0,0.0,2.104665954868759,0.0,2.104665954868759,0.0,0.0,2.0,3.7911758320558784
0.8746654342212667,0.8708842098681757,4.761904762,0.0,0.0,2.104665954868759,0.0,2.104665954868759,0.0,2.0,0.0,0.8708842098681757
0.5984954497571598,0.19863604089012468,4.761904762,2.104665954868759,0.0,0.0,0.0,0.0,2.104665954868759,2.0,0.0,0.19863604089012468
3.764914014724772,3.332122750942053,4.761904762,0.0,0.0,2.104665954868759,0.0,2.104665954868759,0.0,2.0,0.0,3.332122750942053
1.605142672133925,1.0654690376872462,4.761904762,0.0,0.0,2.104665954868759,0.0,2.104665954868759,0.0,0.0,2.0,1.0654690376872462
2.7231733689078164,1.5063338601174847,4.761904762,0.0,0.0,2.104665954868759,0.0,2.104665954868759,0.0,2.0,0.0,1.5063338601174847
1.9659946131602306,1.0874975087611032,4.761904762,0.0,2.159465519981342,0.0,2.159465519981342,0.0,0.0,2.0,0.0,1.0874975087611032
3.1614597116554113,1.7487736423383824,4.761904762,0.0,2.159465519981342,0.0,2.159465519981342,0.0,0.0,2.0,0.0,1.7487736423383824
3.7633882137056336,3.7471188899081644,4.761904762,2.104665954868759,0.0,0.0,0.0,0.0,2.104665954868759,2.0,0.0,3.7471188899081644
0.7304772379126584,0.08081326074029929,4.761904762,0.0,2.159465519981342,0.0,2.159465519981342,0.0,0.0,2.0,0.0,0.08081326074029929
1.9591285085741064,0.216739899301398,4.761904762,0.0,2.159465519981342,0.0,2.159465519981342,0.0,0.0,0.0,2.0,0.216739899301398
3.4944657840824354,0.38659544733257534,4.761904762,2.104665954868759,0.0,0.0,0.0,0.0,2.104665954868759,2.0,0.0,0.38659544733257534
0.595825297973667,0.5273329014155509,4.761904762,0.0,0.0,2.104665954868759,0.0,2.104665954868759,0.0,0.0,2.0,0.5273329014155509
1.5113059094568944,1.5047724550796826,4.761904762,2.104665954868759,0.0,0.0,0.0,0.0,2.104665954868759,2.0,0.0,1.5047724550796826
0.84720101587677,0.5623590144257067,4.761904762,0.0,0.0,2.104665954868759,0.0,2.104665954868759,0.0,0.0,2.0,0.5623590144257067
1.9804897228420484,1.095515534630898,4.761904762,0.0,0.0,2.104665954868759,0.0,2.104665954868759,0.0,2.0,0.0,1.095515534630898
3.321668818664976,2.57235149957477,4.761904762,0.0,2.159465519981342,0.0,2.159465519981342,0.0,0.0,0.0,2.0,2.57235149957477
1.7348357587607155,1.919262192411912,4.761904762,2.104665954868759,0.0,0.0,0.0,0.0,2.104665954868759,2.0,0.0,1.919262192411912
2.0808111398504185,2.302017427354217,4.761904762,0.0,0.0,2.104665954868759,0.0,2.104665954868759,0.0,2.0,0.0,2.302017427354217
2.977982139103981,2.96510816678624,4.761904762,0.0,2.159465519981342,0.0,2.159465519981342,0.0,0.0,0.0,2.0,2.96510816678624
2.980270840632689,3.2970966379318973,4.761904762,0.0,0.0,2.104665954868759,0.0,2.104665954868759,0.0,2.0,0.0,3.2970966379318973
2.881093774388673,1.2749505135696722,4.761904762,0.0,0.0,2.104665954868759,0.0,2.104665954868759,0.0,2.0,0.0,1.2749505135696722
0.9494296841590637,0.9453252500487961,4.761904762,2.104665954868759,0.0,0.0,0.0,0.0,2.104665954868759,0.0,2.0,0.9453252500487961
0.6652492443444785,0.3679851872874203,4.761904762,0.0,0.0,2.104665954868759,0.0,2.104665954868759,0.0,0.0,2.0,0.3679851872874203
2.987136945218814,3.3046926624401243,4.761904762,0.0,0.0,2.104665954868759,0.0,2.104665954868759,0.0,2.0,0.0,3.3046926624401243
0.5042772368253444,0.2789428999965422,4.761904762,0.0,2.159465519981342,0.0,2.159465519981342,0.0,0.0,2.0,0.0,0.2789428999965422
1.343467797351636,0.8917732772657988,4.761904762,0.0,0.0,2.104665954868759,0.0,2.104665954868759,0.0,2.0,0.0,0.8917732772657988
2.7761949543228868,3.0713259094929413,4.761904762,2.104665954868759,0.0,0.0,0.0,0.0,2.104665954868759,0.0,2.0,3.0713259094929413
1.7706920827104755,0.5876790961197953,4.761904762,0.0,2.159465519981342,0.0,2.159465519981342,0.0,0.0,0.0,2.0,0.5876790961197953
2.7323281750226487,0.604559150582521,4.761904762,2.104665954868759,0.0,0.0,0.0,0.0,2.104665954868759,2.0,0.0,0.604559150582521
3.4235160366924853,0.3787462220074079,4.761904762,0.0,0.0,2.104665954868759,0.0,2.104665954868759,0.0,0.0,2.0,0.3787462220074079
1.8153217625202829,1.6066435837622324,4.761904762,2.104665954868759,0.0,0.0,0.0,0.0,2.104665954868759,0.0,2.0,1.6066435837622324
0.9059443551136104,0.9020279103519047,4.761904762,0.0,0.0,2.104665954868759,0.0,2.104665954868759,0.0,2.0,0.0,0.9020279103519047
2.987136945218814,0.9914077987320371,4.761904762,2.104665954868759,0.0,0.0,0.0,0.0,2.104665954868759,0.0,2.0,0.9914077987320371
2.0064283401674063,1.9977544456635867,4.761904762,0.0,0.0,2.104665954868759,0.0,2.104665954868759,0.0,2.0,0.0,1.9977544456635867
2.8959703343252756,2.5630674696202704,4.761904762,0.0,2.159465519981342,0.0,2.159465519981342,0.0,0.0,0.0,2.0,2.5630674696202704
1.3926748802188595,1.3866542739767596,4.761904762,0.0,2.159465519981342,0.0,2.159465519981342,0.0,0.0,2.0,0.0,1.3866542739767596
3.5528276730644914,0.7861041363291359,4.761904762,2.104665954868759,0.0,0.0,0.0,0.0,2.104665954868759,2.0,0.0,0.7861041363291359
2.32226915112912,2.3122298603041664,4.761904762,2.104665954868759,0.0,0.0,0.0,0.0,2.104665954868759,2.0,0.0,2.3122298603041664
0.4874934256148185,0.053931774008408616,4.761904762,0.0,0.0,2.104665954868759,0.0,2.104665954868759,0.0,0.0,2.0,0.053931774008408616
1.1046799378564276,0.12221159431013406,4.761904762,2.104665954868759,0.0,0.0,0.0,0.0,2.104665954868759,2.0,0.0,0.12221159431013406
2.4862927606865317,0.8251814624103458,4.761904762,2.104665954868759,0.0,0.0,0.0,0.0,2.104665954868759,0.0,2.0,0.8251814624103458
3.6924384663156835,1.2254919539938858,4.761904762,0.0,2.159465519981342,0.0,2.159465519981342,0.0,0.0,0.0,2.0,1.2254919539938858
3.351803388792966,3.337313367689341,4.761904762,0.0,2.159465519981342,0.0,2.159465519981342,0.0,0.0,0.0,2.0,3.337313367689341
3.792378433069269,1.6782150146841892,4.761904762,0.0,0.0,2.104665954868759,0.0,2.104665954868759,0.0,2.0,0.0,1.6782150146841892
2.958528176109963,3.2730425603225135,4.761904762,0.0,0.0,2.104665954868759,0.0,2.104665954868759,0.0,0.0,2.0,3.2730425603225135
3.0046836569389086,3.3241047250722584,4.761904762,2.104665954868759,0.0,0.0,0.0,0.0,2.104665954868759,0.0,2.0,3.3241047250722584
2.868505915980779,0.9520350716977295,4.761904762,2.104665954868759,0.0,0.0,0.0,0.0,2.104665954868759,2.0,0.0,0.9520350716977295
0.8513969686794014,0.37676281560803765,4.761904762,2.104665954868759,0.0,0.0,0.0,0.0,2.104665954868759,2.0,0.0,0.37676281560803765
3.402536272679328,3.7642521451878315,4.761904762,0.0,0.0,2.104665954868759,0.0,2.104665954868759,0.0,0.0,2.0,3.7642521451878315
2.028171004690133,1.5706468676204697,4.761904762,2.104665954868759,0.0,0.0,0.0,0.0,2.104665954868759,0.0,2.0,1.5706468676204697
0.3875534588612329,0.2143766916766164,4.761904762,0.0,0.0,2.104665954868759,0.0,2.104665954868759,0.0,2.0,0.0,0.2143766916766164
2.8215875346422634,0.312154407151955,4.761904762,0.0,2.159465519981342,0.0,2.159465519981342,0.0,0.0,0.0,2.0,0.312154407151955
1.9041996718851129,0.42132615938963347,4.761904762,0.0,2.159465519981342,0.0,2.159465519981342,0.0,0.0,0.0,2.0,0.42132615938963347
3.457083659113537,3.442138505902868,4.761904762,0.0,0.0,2.104665954868759,0.0,2.104665954868759,0.0,2.0,0.0,3.442138505902868
1.3652104618743626,1.3593085857471439,4.761904762,0.0,0.0,2.104665954868759,0.0,2.104665954868759,0.0,2.0,0.0,1.3593085857471439
2.2799281728480207,0.5044604276185576,4.761904762,2.104665954868759,0.0,0.0,0.0,0.0,2.104665954868759,0.0,2.0,0.5044604276185576
0.9273055693815523,0.30776559299164635,4.761904762,0.0,0.0,2.104665954868759,0.0,2.104665954868759,0.0,0.0,2.0,0.30776559299164635
0.6026914025597914,0.20002864538329956,4.761904762,2.104665954868759,0.0,0.0,0.0,0.0,2.104665954868759,2.0,0.0,0.20002864538329956
2.535499843553755,2.805043050343443,4.761904762,0.0,2.159465519981342,0.0,2.159465519981342,0.0,0.0,0.0,2.0,2.805043050343443
2.842185848400636,1.886599287026538,4.761904762,2.104665954868759,0.0,0.0,0.0,0.0,2.104665954868759,0.0,2.0,1.886599287026538
2.918857349612356,1.6145772093597133,4.761904762,0.0,0.0,2.104665954868759,0.0,2.104665954868759,0.0,0.0,2.0,1.6145772093597133
2.7681844989724085,2.449971104720008,4.761904762,0.0,2.159465519981342,0.0,2.159465519981342,0.0,0.0,0.0,2.0,2.449971104720008
3.3064108084735895,2.9263262416581273,4.761904762,2.104665954868759,0.0,0.0,0.0,0.0,2.104665954868759,0.0,2.0,2.9263262416581273
0.45545160421290554,0.15116088771370864,4.761904762,2.104665954868759,0.0,0.0,0.0,0.0,2.104665954868759,0.0,2.0,0.15116088771370864
3.5551163745931995,0.7866105379630177,4.761904762,0.0,0.0,2.104665954868759,0.0,2.104665954868759,0.0,0.0,2.0,0.7866105379630177
1.1042984876016428,0.8551857592178408,4.761904762,2.104665954868759,0.0,0.0,0.0,0.0,2.104665954868759,0.0,2.0,0.8551857592178408
1.5731008507320123,0.6961334460428078,4.761904762,0.0,0.0,2.104665954868759,0.0,2.104665954868759,0.0,2.0,0.0,0.6961334460428078
3.7145625810931944,4.109449258950572,4.761904762,0.0,2.159465519981342,0.0,2.159465519981342,0.0,0.0,2.0,0.0,4.109449258950572
1.4296755549329732,0.47449833094721944,4.761904762,0.0,2.159465519981342,0.0,2.159465519981342,0.0,0.0,0.0,2.0,0.47449833094721944
2.5107055769927507,0.2777612961841514,4.761904762,2.104665954868759,0.0,0.0,0.0,0.0,2.104665954868759,0.0,2.0,0.2777612961841514
0.8342317072140909,0.18458339554990552,4.761904762,0.0,2.159465519981342,0.0,2.159465519981342,0.0,0.0,0.0,2.0,0.18458339554990552
2.3699504329772045,1.5731366756537215,4.761904762,2.104665954868759,0.0,0.0,0.0,0.0,2.104665954868759,0.0,2.0,1.5731366756537215
3.0817366084054143,3.068414100098121,4.761904762,0.0,0.0,2.104665954868759,0.0,2.104665954868759,0.0,2.0,0.0,3.068414100098121
1.733309957741577,1.3423019308759476,4.761904762,0.0,0.0,2.104665954868759,0.0,2.104665954868759,0.0,2.0,0.0,1.3423019308759476
1.271373699197332,0.2813061076213238,4.761904762,0.0,2.159465519981342,0.0,2.159465519981342,0.0,0.0,0.0,2.0,0.2813061076213238
3.3327308760537324,1.8435129480104306,4.761904762,2.104665954868759,0.0,0.0,0.0,0.0,2.104665954868759,2.0,0.0,1.8435129480104306
3.168325816241536,2.4536003164294944,4.761904762,0.0,0.0,2.104665954868759,0.0,2.104665954868759,0.0,2.0,0.0,2.4536003164294944
2.1151416627810398,0.233999754989535,4.761904762,2.104665954868759,0.0,0.0,0.0,0.0,2.104665954868759,0.0,2.0,0.233999754989535
1.2828172068408723,0.14191905789536632,4.761904762,0.0,2.159465519981342,0.0,2.159465519981342,0.0,0.0,0.0,2.0,0.14191905789536632
1.7424647638564092,1.927702219643275,4.761904762,2.104665954868759,0.0,0.0,0.0,0.0,2.104665954868759,2.0,0.0,1.927702219643275
1.6238337346183744,1.437167836956466,4.761904762,0.0,2.159465519981342,0.0,2.159465519981342,0.0,0.0,0.0,2.0,1.437167836956466
0.4623177087990298,0.5114656502205887,4.761904762,0.0,0.0,2.104665954868759,0.0,2.104665954868759,0.0,2.0,0.0,0.5114656502205887
1.7989194015645416,0.99507921057768,4.761904762,0.0,2.159465519981342,0.0,2.159465519981342,0.0,0.0,0.0,2.0,0.99507921057768
1.0100802746698274,0.3352378816297324,4.761904762,2.104665954868759,0.0,0.0,0.0,0.0,2.104665954868759,2.0,0.0,0.3352378816297324
3.279709290638662,2.9026941654103116,4.761904762,0.0,0.0,2.104665954868759,0.0,2.104665954868759,0.0,2.0,0.0,2.9026941654103116
1.753526821245165,0.7759761036515005,4.761904762,0.0,2.159465519981342,0.0,2.159465519981342,0.0,0.0,0.0,2.0,0.7759761036515005
2.4302195732331837,1.344285337275318,4.761904762,0.0,2.159465519981342,0.0,2.159465519981342,0.0,0.0,2.0,0.0,1.344285337275318
0.5706495811578783,0.505051229524753,4.761904762,0.0,2.159465519981342,0.0,2.159465519981342,0.0,0.0,2.0,0.0,0.505051229524753
3.069911650507089,1.0188800873701231,4.761904762,0.0,0.0,2.104665954868759,0.0,2.104665954868759,0.0,2.0,0.0,1.0188800873701231
2.4550138397941876,2.4444006867473087,4.761904762,0.0,2.159465519981342,0.0,2.159465519981342,0.0,0.0,0.0,2.0,2.4444006867473087
0.6499912341530913,0.28763612804484595,4.761904762,0.0,0.0,2.104665954868759,0.0,2.104665954868759,0.0,0.0,2.0,0.28763612804484595
1.2908276621913506,1.2852473467919348,4.761904762,2.104665954868759,0.0,0.0,0.0,0.0,2.104665954868759,0.0,2.0,1.2852473467919348
1.0367817925047549,0.22939994014844226,4.761904762,0.0,2.159465519981342,0.0,2.159465519981342,0.0,0.0,0.0,2.0,0.22939994014844226
0.7922721791877763,0.3505987311908128,4.761904762,2.104665954868759,0.0,0.0,0.0,0.0,2.104665954868759,0.0,2.0,0.3505987311908128
2.36956898272242,2.621472458061301,4.761904762,0.0,0.0,2.104665954868759,0.0,2.104665954868759,0.0,0.0,2.0,2.621472458061301
1.7672590304174134,1.3685926157016428,4.761904762,2.104665954868759,0.0,0.0,0.0,0.0,2.104665954868759,0.0,2.0,1.3685926157016428
3.4132168798132994,3.7760681833117395,4.761904762,0.0,0.0,2.104665954868759,0.0,2.104665954868759,0.0,0.0,2.0,3.7760681833117395
1.8500337357056884,1.2280239621632947,4.761904762,2.104665954868759,0.0,0.0,0.0,0.0,2.104665954868759,0.0,2.0,1.2280239621632947
1.9995622355812823,0.6636393412020609,4.761904762,0.0,2.159465519981342,0.0,2.159465519981342,0.0,0.0,0.0,2.0,0.6636393412020609
1.6425247971028236,0.9085689314562109,4.761904762,2.104665954868759,0.0,0.0,0.0,0.0,2.104665954868759,2.0,0.0,0.9085689314562109
0.6358775747260583,0.4924333888138655,4.761904762,0.0,0.0,2.104665954868759,0.0,2.104665954868759,0.0,0.0,2.0,0.4924333888138655
3.235842511338424,0.3579837550182553,4.761904762,0.0,0.0,2.104665954868759,0.0,2.104665954868759,0.0,0.0,2.0,0.3579837550182553
0.8208809482966272,0.5448881580567857,4.761904762,2.104665954868759,0.0,0.0,0.0,0.0,2.104665954868759,0.0,2.0,0.5448881580567857
1.774888035513107,1.1781434012259402,4.761904762,0.0,0.0,2.104665954868759,0.0,2.104665954868759,0.0,0.0,2.0,1.1781434012259402
2.2467420006817536,1.9884704157090873,4.761904762,2.104665954868759,0.0,0.0,0.0,0.0,2.104665954868759,0.0,2.0,1.9884704157090873
3.8129767468276414,2.9528279271646065,4.761904762,0.0,0.0,2.104665954868759,0.0,2.104665954868759,0.0,0.0,2.0,2.9528279271646065
2.805948074196092,3.1042420156952564,4.761904762,0.0,0.0,2.104665954868759,0.0,2.104665954868759,0.0,2.0,0.0,3.1042420156952564
1.8096000086985125,0.2001974459279268,4.761904762,0.0,2.159465519981342,0.0,2.159465519981342,0.0,0.0,2.0,0.0,0.2001974459279268
1.0444107976004484,0.6932638367841446,4.761904762,0.0,0.0,2.104665954868759,0.0,2.104665954868759,0.0,0.0,2.0,0.6932638367841446
0.6843217570837125,0.37853522132662387,4.761904762,2.104665954868759,0.0,0.0,0.0,0.0,2.104665954868759,0.0,2.0,0.37853522132662387
2.337908611575292,1.2932231725255727,4.761904762,0.0,2.159465519981342,0.0,2.159465519981342,0.0,0.0,0.0,2.0,1.2932231725255727
0.6026914025597914,0.6667621512776652,4.761904762,0.0,0.0,2.104665954868759,0.0,2.104665954868759,0.0,2.0,0.0,0.6667621512776652
3.5204044014077938,1.9473252829561938,4.761904762,2.104665954868759,0.0,0.0,0.0,0.0,2.104665954868759,0.0,2.0,1.9473252829561938
0.528308602876779,0.5260246971946896,4.761904762,0.0,0.0,2.104665954868759,0.0,2.104665954868759,0.0,2.0,0.0,0.5260246971946896
3.172521769044167,2.105871194497345,4.761904762,0.0,0.0,2.104665954868759,0.0,2.104665954868759,0.0,2.0,0.0,2.105871194497345
3.753470507081232,2.9067453784813653,4.761904762,2.104665954868759,0.0,0.0,0.0,0.0,2.104665954868759,2.0,0.0,2.9067453784813653
2.306629690682948,0.7655526700207672,4.761904762,0.0,0.0,2.104665954868759,0.0,2.104665954868759,0.0,0.0,2.0,0.7655526700207672
1.5586057410501943,1.3794380506939443,4.761904762,0.0,0.0,2.104665954868759,0.0,2.104665954868759,0.0,2.0,0.0,1.3794380506939443
2.682358191645856,0.5935027149094356,4.761904762,2.104665954868759,0.0,0.0,0.0,0.0,2.104665954868759,2.0,0.0,0.5935027149094356
2.7422458816470505,2.4270142306507014,4.761904762,0.0,0.0,2.104665954868759,0.0,2.104665954868759,0.0,0.0,2.0,2.4270142306507014
3.3441743836972724,0.739937187373581,4.761904762,2.104665954868759,0.0,0.0,0.0,0.0,2.104665954868759,2.0,0.0,0.739937187373581
3.5574050761219076,3.5420262281860473,4.761904762,0.0,0.0,2.104665954868759,0.0,2.104665954868759,0.0,2.0,0.0,3.5420262281860473
0.6896620606506978,0.2288935385145605,4.761904762,0.0,2.159465519981342,0.0,2.159465519981342,0.0,0.0,0.0,2.0,0.2288935385145605
0.3864091080968789,0.29924116548796986,4.761904762,2.104665954868759,0.0,0.0,0.0,0.0,2.104665954868759,0.0,2.0,0.29924116548796986
2.507653974954473,2.4968132558540717,4.761904762,2.104665954868759,0.0,0.0,0.0,0.0,2.104665954868759,2.0,0.0,2.4968132558540717
0.8395720107810765,0.557294998086889,4.761904762,0.0,2.159465519981342,0.0,2.159465519981342,0.0,0.0,0.0,2.0,0.557294998086889
0.8628404763229418,0.09545670798671384,4.761904762,0.0,0.0,2.104665954868759,0.0,2.104665954868759,0.0,2.0,0.0,0.09545670798671384
3.206852291974788,1.4191061786813497,4.761904762,0.0,0.0,2.104665954868759,0.0,2.104665954868759,0.0,0.0,2.0,1.4191061786813497
3.6878610632582673,1.2239727490922405,4.761904762,0.0,2.159465519981342,0.0,2.159465519981342,0.0,0.0,2.0,0.0,1.2239727490922405
0.4077703223648208,0.22555972775817215,4.761904762,2.104665954868759,0.0,0.0,0.0,0.0,2.104665954868759,2.0,0.0,0.22555972775817215
3.2572037256063657,2.5224287385012585,4.761904762,0.0,0.0,2.104665954868759,0.0,2.104665954868759,0.0,0.0,2.0,2.5224287385012585
1.6200192320705276,0.1792239782579901,4.761904762,2.104665954868759,0.0,0.0,0.0,0.0,2.104665954868759,0.0,2.0,0.1792239782579901
2.644594616422173,0.5851470879503864,4.761904762,0.0,0.0,2.104665954868759,0.0,2.104665954868759,0.0,0.0,2.0,0.5851470879503864
3.7824607264448673,3.347652401047761,4.761904762,0.0,2.159465519981342,0.0,2.159465519981342,0.0,0.0,0.0,2.0,3.347652401047761
0.8384276600167223,0.649291294908744,4.761904762,2.104665954868759,0.0,0.0,0.0,0.0,2.104665954868759,2.0,0.0,0.649291294908744
3.22821350624273,3.57139752295119,4.761904762,0.0,2.159465519981342,0.0,2.159465519981342,0.0,0.0,2.0,0.0,3.57139752295119
3.790471181795346,0.8386855059805264,4.761904762,0.0,0.0,2.104665954868759,0.0,2.104665954868759,0.0,0.0,2.0,0.8386855059805264
2.9734047360465654,1.9737003680542027,4.761904762,2.104665954868759,0.0,0.0,0.0,0.0,2.104665954868759,2.0,0.0,1.9737003680542027
2.9447959669377144,3.2578505113060605,4.761904762,0.0,2.159465519981342,0.0,2.159465519981342,0.0,0.0,2.0,0.0,3.2578505113060605
0.8758097849856208,0.09689151261604552,4.761904762,0.0,0.0,2.104665954868759,0.0,2.104665954868759,0.0,0.0,2.0,0.09689151261604552
1.6471022001602398,1.4577615034009914,4.761904762,0.0,0.0,2.104665954868759,0.0,2.104665954868759,0.0,2.0,0.0,1.4577615034009914
1.583018557356414,0.7005222602031166,4.761904762,0.0,0.0,2.104665954868759,0.0,2.104665954868759,0.0,0.0,2.0,0.7005222602031166
2.8749905703121184,2.544499409711272,4.761904762,0.0,2.159465519981342,0.0,2.159465519981342,0.0,0.0,0.0,2.0,2.544499409711272
3.0489318864939317,2.0238341298084976,4.761904762,0.0,2.159465519981342,0.0,2.159465519981342,0.0,0.0,0.0,2.0,2.0238341298084976
3.3533291898121047,1.8549069847727704,4.761904762,0.0,0.0,2.104665954868759,0.0,2.104665954868759,0.0,0.0,2.0,1.8549069847727704
0.8040971370861012,0.2668736610556933,4.761904762,0.0,0.0,2.104665954868759,0.0,2.104665954868759,0.0,2.0,0.0,0.2668736610556933
3.2373683123575625,1.0744576666886476,4.761904762,0.0,0.0,2.104665954868759,0.0,2.104665954868759,0.0,2.0,0.0,1.0744576666886476
2.65413087279179,2.642656926412022,4.761904762,2.104665954868759,0.0,0.0,0.0,0.0,2.104665954868759,0.0,2.0,2.642656926412022
0.9879561598923161,1.092983526461489,4.761904762,0.0,2.159465519981342,0.0,2.159465519981342,0.0,0.0,0.0,2.0,1.092983526461489
2.537407094827678,1.1228612228605137,4.761904762,2.104665954868759,0.0,0.0,0.0,0.0,2.104665954868759,0.0,2.0,1.1228612228605137
1.8504151859604732,1.4329900234769415,4.761904762,0.0,2.159465519981342,0.0,2.159465519981342,0.0,0.0,2.0,0.0,1.4329900234769415
3.3369268288563636,2.2150007465988666,4.761904762,0.0,0.0,2.104665954868759,0.0,2.104665954868759,0.0,2.0,0.0,2.2150007465988666
1.4769753865262734,1.470590344792663,4.761904762,2.104665954868759,0.0,0.0,0.0,0.0,2.104665954868759,2.0,0.0,1.470590344792663
2.7079153587164293,2.9957876657722435,4.761904762,0.0,0.0,2.104665954868759,0.0,2.104665954868759,0.0,0.0,2.0,2.9957876657722435
2.0121500939891765,0.6678171546815855,4.761904762,2.104665954868759,0.0,0.0,0.0,0.0,2.104665954868759,0.0,2.0,0.6678171546815855
1.681051272836076,0.7439040001723216,4.761904762,0.0,0.0,2.104665954868759,0.0,2.104665954868759,0.0,0.0,2.0,0.7439040001723216
2.324939302912613,0.25720982987578284,4.761904762,0.0,0.0,2.104665954868759,0.0,2.104665954868759,0.0,2.0,0.0,0.25720982987578284
2.815865780820493,1.2460856204384112,4.761904762,0.0,2.159465519981342,0.0,2.159465519981342,0.0,0.0,0.0,2.0,1.2460856204384112
2.515282980050167,1.1130707912721327,4.761904762,2.104665954868759,0.0,0.0,0.0,0.0,2.104665954868759,0.0,2.0,1.1130707912721327
3.1751919208276598,3.1614654003238964,4.761904762,2.104665954868759,0.0,0.0,0.0,0.0,2.104665954868759,0.0,2.0,3.1614654003238964
0.9223467160693515,0.8163194338174149,4.761904762,2.104665954868759,0.0,0.0,0.0,0.0,2.104665954868759,0.0,2.0,0.8163194338174149
1.3633032106004395,1.206586292995633,4.761904762,0.0,2.159465519981342,0.0,2.159465519981342,0.0,0.0,2.0,0.0,1.206586292995633
3.552064772554922,3.1437413431380343,4.761904762,2.104665954868759,0.0,0.0,0.0,0.0,2.104665954868759,2.0,0.0,3.1437413431380343
1.8816941068528168,2.081732716615647,4.761904762,0.0,0.0,2.104665954868759,0.0,2.104665954868759,0.0,2.0,0.0,2.081732716615647
2.6365841610716947,1.7501240466954007,4.761904762,0.0,2.159465519981342,0.0,2.159465519981342,0.0,0.0,2.0,0.0,1.7501240466954007
2.3867342441877306,1.056185007732747,4.761904762,0.0,2.159465519981342,0.0,2.159465519981342,0.0,0.0,0.0,2.0,1.056185007732747
3.641324132174536,3.2227399980235907,4.761904762,0.0,2.159465519981342,0.0,2.159465519981342,0.0,0.0,2.0,0.0,3.2227399980235907
1.3610145090717312,0.7528504290375663,4.761904762,2.104665954868759,0.0,0.0,0.0,0.0,2.104665954868759,2.0,0.0,0.7528504290375663
2.20897842545807,1.9550479078728908,4.761904762,0.0,2.159465519981342,0.0,2.159465519981342,0.0,0.0,2.0,0.0,1.9550479078728908
0.7632819598241408,0.7599822520480679,4.761904762,2.104665954868759,0.0,0.0,0.0,0.0,2.104665954868759,2.0,0.0,0.7599822520480679
3.1519234552857944,3.4869972506375615,4.761904762,0.0,0.0,2.104665954868759,0.0,2.104665954868759,0.0,2.0,0.0,3.4869972506375615
0.5908664446614663,0.13073602181381055,4.761904762,0.0,0.0,2.104665954868759,0.0,2.104665954868759,0.0,2.0,0.0,0.13073602181381055
3.207615192484358,3.1937485044838594,4.761904762,0.0,2.159465519981342,0.0,2.159465519981342,0.0,0.0,2.0,0.0,3.1937485044838594
2.3981777518312706,0.5306245120357824,4.761904762,0.0,0.0,2.104665954868759,0.0,2.104665954868759,0.0,0.0,2.0,0.5306245120357824
0.736961892243998,0.5707146413847559,4.761904762,2.104665954868759,0.0,0.0,0.0,0.0,2.104665954868759,0.0,2.0,0.5707146413847559
1.9968920837977895,0.22091771278092262,4.761904762,0.0,0.0,2.104665954868759,0.0,2.104665954868759,0.0,0.0,2.0,0.22091771278092262
1.3247767348671866,0.29312214574523177,4.761904762,2.104665954868759,0.0,0.0,0.0,0.0,2.104665954868759,0.0,2.0,0.29312214574523177
1.7630630776147818,0.7801961172671819,4.761904762,0.0,0.0,2.104665954868759,0.0,2.104665954868759,0.0,0.0,2.0,0.7801961172671819
1.0882775769006865,1.2039698845539106,4.761904762,0.0,0.0,2.104665954868759,0.0,2.104665954868759,0.0,2.0,0.0,1.2039698845539106
2.6629042286518376,1.178396602042881,4.761904762,0.0,0.0,2.104665954868759,0.0,2.104665954868759,0.0,2.0,0.0,1.178396602042881
2.3722391345059126,1.0497705870369114,4.761904762,0.0,2.159465519981342,0.0,2.159465519981342,0.0,0.0,0.0,2.0,1.0497705870369114
1.4723979834688572,0.48867757669590906,4.761904762,0.0,0.0,2.104665954868759,0.0,2.104665954868759,0.0,2.0,0.0,0.48867757669590906
1.4056441888815385,0.7775375086893026,4.761904762,0.0,0.0,2.104665954868759,0.0,2.104665954868759,0.0,2.0,0.0,0.7775375086893026
3.306792258728374,1.8291649017171137,4.761904762,0.0,0.0,2.104665954868759,0.0,2.104665954868759,0.0,0.0,2.0,1.8291649017171137
2.3886414954616537,1.321286263069854,4.761904762,2.104665954868759,0.0,0.0,0.0,0.0,2.104665954868759,0.0,2.0,1.321286263069854
1.3236323841028328,0.2928689449282909,4.761904762,0.0,2.159465519981342,0.0,2.159465519981342,0.0,0.0,2.0,0.0,0.2928689449282909
2.5721190680130843,1.4227775905269926,4.761904762,0.0,2.159465519981342,0.0,2.159465519981342,0.0,0.0,2.0,0.0,1.4227775905269926
2.2917531307463457,1.77476892621098,4.761904762,0.0,2.159465519981342,0.0,2.159465519981342,0.0,0.0,2.0,0.0,1.77476892621098
3.7084593770166396,3.6924275134489335,4.761904762,0.0,2.159465519981342,0.0,2.159465519981342,0.0,0.0,0.0,2.0,3.6924275134489335
0.6724967991853873,0.3719942002223176,4.761904762,0.0,2.159465519981342,0.0,2.159465519981342,0.0,0.0,2.0,0.0,0.3719942002223176
0.6290114701399341,0.1391760490451734,4.761904762,0.0,2.159465519981342,0.0,2.159465519981342,0.0,0.0,2.0,0.0,0.1391760490451734
1.6669376134090432,0.3688291900105566,4.761904762,0.0,0.0,2.104665954868759,0.0,2.104665954868759,0.0,0.0,2.0,0.3688291900105566
1.5673790969102421,1.7340035946834977,4.761904762,0.0,2.159465519981342,0.0,2.159465519981342,0.0,0.0,2.0,0.0,1.7340035946834977
2.769710299991547,1.8384911318077697,4.761904762,2.104665954868759,0.0,0.0,0.0,0.0,2.104665954868759,0.0,2.0,1.8384911318077697
2.6983791023468124,1.194095052693216,4.761904762,2.104665954868759,0.0,0.0,0.0,0.0,2.104665954868759,0.0,2.0,1.194095052693216
3.3807936081566012,1.1220594202735341,4.761904762,2.104665954868759,0.0,0.0,0.0,0.0,2.104665954868759,0.0,2.0,1.1220594202735341
3.140479947642254,1.389734883916207,4.761904762,2.104665954868759,0.0,0.0,0.0,0.0,2.104665954868759,0.0,2.0,1.389734883916207
3.811450945808503,2.529982562873328,4.761904762,0.0,2.159465519981342,0.0,2.159465519981342,0.0,0.0,0.0,2.0,2.529982562873328
3.0340553265573296,0.6713197659826011,4.761904762,2.104665954868759,0.0,0.0,0.0,0.0,2.104665954868759,2.0,0.0,0.6713197659826011
1.4674391301566563,1.2987513903621153,4.761904762,0.0,0.0,2.104665954868759,0.0,2.104665954868759,0.0,0.0,2.0,1.2987513903621153
2.076996637302572,0.2297797413738536,4.761904762,0.0,2.159465519981342,0.0,2.159465519981342,0.0,0.0,0.0,2.0,0.2297797413738536
1.8546111387631046,1.6414164959554471,4.761904762,2.104665954868759,0.0,0.0,0.0,0.0,2.104665954868759,2.0,0.0,1.6414164959554471
0.6972910657463915,0.07714184889465646,4.761904762,2.104665954868759,0.0,0.0,0.0,0.0,2.104665954868759,0.0,2.0,0.07714184889465646
2.952424972033408,2.9396614846836804,4.761904762,0.0,2.159465519981342,0.0,2.159465519981342,0.0,0.0,2.0,0.0,2.9396614846836804
3.35294773955732,0.3709391968183972,4.761904762,2.104665954868759,0.0,0.0,0.0,0.0,2.104665954868759,0.0,2.0,0.3709391968183972
2.8219689848970484,2.1853762510167827,4.761904762,0.0,0.0,2.104665954868759,0.0,2.104665954868759,0.0,2.0,0.0,2.1853762510167827
3.124459036941298,0.6913226305209311,4.761904762,2.104665954868759,0.0,0.0,0.0,0.0,2.104665954868759,2.0,0.0,0.6913226305209311
1.566234746145888,1.0396425543592758,4.761904762,0.0,2.159465519981342,0.0,2.159465519981342,0.0,0.0,2.0,0.0,1.0396425543592758
1.211867459450922,0.5362793302807956,4.761904762,0.0,0.0,2.104665954868759,0.0,2.104665954868759,0.0,0.0,2.0,0.5362793302807956
3.5749517878420027,2.372998056369979,4.761904762,0.0,2.159465519981342,0.0,2.159465519981342,0.0,0.0,2.0,0.0,2.372998056369979
3.195408784331248,0.707021081171266,4.761904762,2.104665954868759,0.0,0.0,0.0,0.0,2.104665954868759,0.0,2.0,0.707021081171266
3.6424684829388903,2.820783701129935,4.761904762,0.0,0.0,2.104665954868759,0.0,2.104665954868759,0.0,0.0,2.0,2.820783701129935
1.0383075935238937,0.34460631185654517,4.761904762,0.0,0.0,2.104665954868759,0.0,2.104665954868759,0.0,0.0,2.0,0.34460631185654517
2.9142799465549403,0.6448180804761218,4.761904762,0.0,0.0,2.104665954868759,0.0,2.104665954868759,0.0,0.0,2.0,0.6448180804761218
1.0871332261363325,0.962163104375365,4.761904762,0.0,0.0,2.104665954868759,0.0,2.104665954868759,0.0,2.0,0.0,0.962163104375365
1.7554340725190885,1.165230159561955,4.761904762,0.0,2.159465519981342,0.0,2.159465519981342,0.0,0.0,0.0,2.0,1.165230159561955
1.899240818572912,0.8404579116991127,4.761904762,0.0,0.0,2.104665954868759,0.0,2.104665954868759,0.0,2.0,0.0,0.8404579116991127
2.7159258140669076,0.30046496943651746,4.761904762,0.0,2.159465519981342,0.0,2.159465519981342,0.0,0.0,2.0,0.0,0.30046496943651746
3.528033406503487,1.951545296571875,4.761904762,0.0,0.0,2.104665954868759,0.0,2.104665954868759,0.0,2.0,0.0,1.951545296571875
2.766277247698485,2.4482830992737354,4.761904762,0.0,0.0,2.104665954868759,0.0,2.104665954868759,0.0,2.0,0.0,2.4482830992737354
1.9427261476183653,1.7194023475732398,4.761904762,2.104665954868759,0.0,0.0,0.0,0.0,2.104665954868759,0.0,2.0,1.7194023475732398
1.4079328904102466,1.0903249178836099,4.761904762,0.0,2.159465519981342,0.0,2.159465519981342,0.0,0.0,0.0,2.0,1.0903249178836099
